4,0.5,n_2206_7830_7950,n_2201_8010_8195,n_2220_8250_8425,n_2222_8485_8620,n_1714_9110_9230,n_1720_9305_9395,n_1706_9460_9555,n_1717_9615_9730,n_1096_10960_11110,n_1109_11160_11245,n_1907_11295_11480,n_1715_11990_12110,n_1721_12185_12275,n_1707_12340_12435,n_1718_12495_12610,n_1747_12665_12825,
4,0.3918918918917741,n_2206_7830_7950,n_2201_8010_8195,n_2220_8250_8425,n_2222_8485_8620,n_1714_9110_9230,n_1720_9305_9395,n_1706_9460_9555,n_1717_9615_9730,n_2238_10505_10690,n_1063_11050_11135,n_1149_11185_11315,n_1069_11360_11485,n_1084_11530_11685,n_1715_11990_12110,n_1721_12185_12275,n_1707_12340_12435,n_1718_12495_12610,n_1747_12665_12825,
4,0.10810810810822591,n_2206_7830_7950,n_2201_8010_8195,n_2220_8250_8425,n_2222_8485_8620,n_1714_9110_9230,n_1720_9305_9395,n_1706_9460_9555,n_1717_9615_9730,n_2228_10515_10715,n_489_11055_11135,n_1149_11185_11315,n_1069_11360_11485,n_1084_11530_11685,n_1715_11990_12110,n_1721_12185_12275,n_1707_12340_12435,n_1718_12495_12610,n_1747_12665_12825,
5,0.24324324324321978,n_1882_7615_7880,n_999_7940_8060,n_699_8145_8315,n_658_8365_8525,n_1242_9050_9160,n_1253_9205_9285,n_158_10590_10675,n_114_11035_11120,n_227_11190_11270,n_1286_11320_11420,n_2029_12000_12125,n_2035_12185_12340,n_2016_12385_12575,n_2019_12635_12750,
5,0.44594594594593695,n_1882_7615_7880,n_999_7940_8060,n_699_8145_8315,n_658_8365_8525,n_282_9110_9310,n_302_9640_9740,n_2101_10725_10840,n_791_10885_11025,n_798_11090_11175,n_1512_11240_11350,n_1508_11395_11505,n_2029_12000_12125,n_2035_12185_12340,n_2016_12385_12575,n_2019_12635_12750,
5,0.17567567567569653,n_1882_7615_7880,n_999_7940_8060,n_699_8145_8315,n_658_8365_8525,n_1242_9050_9160,n_1253_9205_9285,n_158_10590_10675,n_114_11035_11120,n_910_11170_11335,n_884_11385_11555,n_2029_12000_12125,n_2035_12185_12340,n_2016_12385_12575,n_2019_12635_12750,
5,0.13513513513514674,n_1882_7615_7880,n_999_7940_8060,n_699_8145_8315,n_658_8365_8525,n_1242_9050_9160,n_1253_9205_9285,n_51_10980_11125,n_227_11190_11270,n_1286_11320_11420,n_2029_12000_12125,n_2035_12185_12340,n_2016_12385_12575,n_2019_12635_12750,
6,0.7162162162163457,n_1477_7685_7775,n_852_7835_8090,n_879_8150_8410,n_1481_8470_8560,n_1692_9105_9250,n_6_9315_9445,n_199_9510_9615,n_117_11015_11130,n_1402_11180_11490,n_1419_11550_11890,n_247_12090_12285,n_239_12380_12570,n_315_12630_12705,n_323_12765_12845,
6,0.1621621621621649,n_1477_7685_7775,n_852_7835_8090,n_879_8150_8410,n_1481_8470_8560,n_1692_9105_9250,n_6_9315_9445,n_199_9510_9615,n_117_11035_11150,n_243_11200_11305,n_1284_11355_11465,n_247_12090_12285,n_239_12380_12570,n_315_12630_12705,n_323_12765_12845,
6,0.12162162162148937,n_1477_7685_7775,n_852_7835_8090,n_879_8150_8410,n_1481_8470_8560,n_1692_9105_9250,n_6_9315_9445,n_199_9510_9615,n_117_10995_11110,n_806_11160_11310,n_762_11360_11495,n_247_12090_12285,n_239_12380_12570,n_315_12630_12705,n_323_12765_12845,
8,0.33783783783795523,n_267_7735_7995,n_220_8055_8235,n_589_8435_8600,n_1558_9135_9235,n_1545_9285_9395,n_374_10605_10675,n_378_10955_11105,n_806_11155_11305,n_762_11360_11495,n_1559_12015_12115,n_1546_12165_12275,n_1394_12325_12505,n_1348_12590_12850,
8,0.37837837837839056,n_267_7735_7995,n_220_8055_8235,n_589_8435_8600,n_1242_9050_9160,n_1253_9205_9285,n_1739_10605_10740,n_2129_11155_11295,n_653_11365_11525,n_1559_12015_12115,n_1546_12165_12275,n_1394_12325_12505,n_1348_12590_12850,
8,0.28378378378365426,n_267_7735_7995,n_220_8055_8235,n_589_8435_8600,n_1558_9135_9235,n_1545_9285_9395,n_374_10605_10675,n_378_10980_11130,n_1402_11180_11490,n_1419_11550_11890,n_1559_12015_12115,n_1546_12165_12275,n_1394_12325_12505,n_1348_12590_12850,
9,0.5,n_457_7745_7910,n_469_7980_8085,n_654_8255_8340,n_672_8400_8545,n_694_9050_9205,n_665_9275_9370,n_1065_9435_9640,n_1064_11095_11295,n_78_11345_11495,n_1756_12015_12160,n_1097_12225_12375,n_1058_12425_12570,n_1070_12620_12745,n_1085_12790_12945,
9,0.3513513513513611,n_457_7745_7910,n_469_7980_8085,n_654_8255_8340,n_672_8400_8545,n_694_9050_9205,n_665_9275_9370,n_1065_9435_9640,n_1064_11095_11295,n_78_11345_11495,n_1890_12020_12150,n_1170_12215_12355,n_219_12425_12510,n_911_12565_12730,n_888_12795_12965,
9,0.14864864864863891,n_457_7745_7910,n_469_7980_8085,n_654_8255_8340,n_672_8400_8545,n_694_9050_9205,n_665_9275_9370,n_242_9540_9645,n_416_10695_10835,n_2050_10905_11025,n_2054_11085_11225,n_614_11300_11435,n_622_11500_11655,n_2197_11990_12080,n_1929_12255_12405,n_1925_12455_12580,n_1532_12640_12760,n_1520_12810_12925,
10,0.44594594594593695,n_1425_7740_7825,n_1431_7885_7990,n_1270_8065_8150,n_1027_8215_8375,n_986_8435_8575,n_139_9200_9315,n_655_9595_9680,n_673_9840_9985,n_2121_10485_10645,n_771_10695_10840,n_2106_10885_10995,n_2111_11045_11195,n_1469_11245_11445,n_1465_11715_11895,n_1116_11975_12090,n_1128_12140_12245,n_549_12300_12400,n_508_12460_12560,n_511_12630_12730,n_584_12790_12895,
10,0.29729729729729937,n_1425_7740_7825,n_1431_7885_7990,n_1270_8065_8150,n_1027_8215_8375,n_986_8435_8575,n_139_9200_9315,n_174_9390_9495,n_1176_10675_10835,n_1188_10895_11045,n_1029_11095_11255,n_988_11315_11455,n_118_12080_12195,n_549_12300_12400,n_508_12460_12560,n_511_12630_12730,n_584_12790_12895,
10,0.14864864864863891,n_1425_7740_7825,n_1431_7885_7990,n_1270_8065_8150,n_1027_8215_8375,n_986_8435_8575,n_139_9200_9315,n_1065_9435_9640,n_1064_11095_11295,n_78_11345_11495,n_1216_12005_12090,n_1221_12135_12240,n_549_12300_12400,n_508_12460_12560,n_511_12630_12730,n_584_12790_12895,
10,0.09459459459450925,n_1425_7740_7825,n_1431_7885_7990,n_1270_8065_8150,n_1027_8215_8375,n_986_8435_8575,n_139_9200_9315,n_655_9595_9680,n_673_9840_9985,n_2121_10485_10645,n_771_10695_10840,n_791_10885_11025,n_798_11090_11175,n_716_11340_11525,n_522_11925_12115,n_549_12300_12400,n_508_12460_12560,n_511_12630_12730,n_584_12790_12895,
10,0.013513513513584319,n_1425_7740_7825,n_1431_7885_7990,n_1270_8065_8150,n_1027_8215_8375,n_986_8435_8575,n_139_9200_9315,n_1040_9590_9720,n_1895_9865_10090,n_2121_10485_10645,n_771_10695_10840,n_791_10885_11025,n_798_11090_11175,n_716_11340_11525,n_522_11925_12115,n_549_12300_12400,n_508_12460_12560,n_511_12630_12730,n_584_12790_12895,
12,0.29729729729725696,n_606_7905_7995,n_616_8055_8175,n_649_8225_8330,n_605_8390_8480,n_35_9290_9440,n_152_11015_11155,n_1360_11205_11345,n_105_12370_12495,n_111_12570_12840,
12,0.31081081081088796,n_606_7905_7995,n_616_8055_8175,n_649_8225_8330,n_605_8390_8480,n_35_9290_9440,n_152_11010_11150,n_1360_11200_11340,n_105_12370_12495,n_111_12570_12840,
12,0.2567567567567083,n_606_7905_7995,n_616_8055_8175,n_649_8225_8330,n_605_8390_8480,n_35_9290_9440,n_152_11025_11165,n_1360_11215_11355,n_105_12370_12495,n_111_12570_12840,
12,0.13513513513514674,n_606_7905_7995,n_616_8055_8175,n_649_8225_8330,n_605_8390_8480,n_35_9290_9440,n_1889_10580_10710,n_489_11075_11155,n_1360_11205_11345,n_105_12370_12495,n_111_12570_12840,
15,0.5045045045044975,n_289_7740_7915,n_543_7980_8080,n_506_8140_8240,n_509_8310_8410,n_582_8470_8575,n_147_9060_9170,n_1175_9235_9395,n_1187_9455_9605,n_274_11020_11105,n_1446_11155_11490,n_838_12025_12340,n_1273_12385_12470,n_1030_12535_12695,n_989_12755_12895,
15,0.33333333333333354,n_289_7740_7915,n_543_7980_8080,n_506_8140_8240,n_509_8310_8410,n_582_8470_8575,n_147_9060_9170,n_1175_9235_9395,n_1187_9455_9605,n_274_11035_11120,n_1446_11170_11505,n_838_12025_12340,n_1273_12385_12470,n_1030_12535_12695,n_989_12755_12895,
15,0.162162162162169,n_289_7740_7915,n_543_7980_8080,n_506_8140_8240,n_509_8310_8410,n_582_8470_8575,n_147_9060_9170,n_1175_9235_9395,n_1187_9455_9605,n_1280_11020_11105,n_1446_11155_11490,n_838_12025_12340,n_1273_12385_12470,n_1030_12535_12695,n_989_12755_12895,
17,0.7837837837837652,n_1237_7760_8050,n_1210_8110_8250,n_2294_8375_8485,n_2295_8545_8635,n_294_9230_9315,n_308_9375_9460,n_1460_9540_9635,n_1458_11140_11225,n_1786_11280_11370,n_1793_11430_11530,n_2086_11950_12045,n_2090_12105_12200,n_2094_12255_12345,n_2098_12405_12495,n_1787_12690_12780,n_1798_12840_12940,
17,0.12162162162160906,n_1237_7760_8050,n_1210_8110_8250,n_2294_8375_8485,n_2295_8545_8635,n_294_9230_9315,n_308_9375_9460,n_1460_9540_9635,n_1458_11140_11225,n_1786_11280_11370,n_1793_11430_11530,n_1905_12090_12175,n_1877_12235_12310,n_1462_12420_12515,n_1456_12580_12665,
17,0.08108108108108614,n_1237_7760_8050,n_1210_8110_8250,n_2294_8375_8485,n_2295_8545_8635,n_294_9230_9315,n_308_9375_9460,n_1460_9540_9635,n_1458_11140_11225,n_1786_11280_11370,n_1793_11430_11530,n_750_12030_12180,n_809_12235_12385,n_1787_12690_12780,n_1798_12840_12940,
17,0.013513513513539577,n_1237_7760_8050,n_1210_8110_8250,n_2294_8375_8485,n_2295_8545_8635,n_294_9230_9315,n_308_9375_9460,n_1460_9540_9635,n_1458_11140_11225,n_1786_11280_11370,n_1793_11430_11530,n_1905_12090_12175,n_1877_12235_12310,n_1682_12430_12560,n_1691_12610_12730,
18,0.5405405405405306,n_245_7770_7970,n_237_8030_8230,n_1400_8290_8600,n_1418_8670_9010,n_326_9240_9320,n_286_9380_9460,n_242_9540_9645,n_507_11020_11120,n_510_11190_11290,n_583_11350_11455,n_671_11970_12055,n_687_12115_12245,n_705_12305_12425,n_663_12485_12575,n_395_12635_12790,n_342_12835_12890,
18,0.3783783783783536,n_245_7770_7970,n_237_8030_8230,n_1400_8290_8600,n_1418_8670_9010,n_326_9240_9320,n_286_9380_9460,n_1040_9600_9730,n_1001_10985_11105,n_806_11155_11305,n_762_11360_11495,n_671_11970_12055,n_687_12115_12245,n_705_12305_12425,n_663_12485_12575,n_395_12635_12790,n_342_12835_12890,
18,0.08108108108111572,n_245_7770_7970,n_237_8030_8230,n_1400_8290_8600,n_1418_8670_9010,n_326_9240_9320,n_286_9380_9460,n_484_9590_9700,n_441_9820_9985,n_459_10625_10790,n_471_11005_11110,n_806_11160_11310,n_762_11360_11495,n_671_11970_12055,n_687_12115_12245,n_705_12305_12425,n_663_12485_12575,n_395_12635_12790,n_342_12835_12890,
19,0.9189189189189139,n_984_7760_8015,n_991_8075_8245,n_1557_8325_8435,n_1560_8480_8575,n_166_9105_9215,n_184_9290_9395,n_1228_9480_9605,n_1758_10980_11100,n_1813_11150_11250,n_188_11300_11410,n_168_11985_12095,n_186_12170_12275,n_535_12335_12390,n_299_12450_12545,n_304_12605_12705,n_1563_12830_12975,
19,0.08108108108108614,n_984_7760_8015,n_991_8075_8245,n_1557_8325_8435,n_1560_8480_8575,n_166_9105_9215,n_184_9290_9395,n_1228_9480_9605,n_1758_10990_11110,n_1448_11160_11310,n_762_11360_11495,n_168_11985_12095,n_186_12170_12275,n_535_12335_12390,n_299_12450_12545,n_304_12605_12705,n_1563_12830_12975,
21,0.6666666666666662,n_427_8215_9010,n_526_9300_9470,n_644_9560_9760,n_631_9820_10025,n_790_10595_10735,n_720_10795_10930,n_587_11010_11190,n_461_11385_11955,n_468_12075_12660,
21,0.3333333333333338,n_427_8215_9010,n_526_9300_9470,n_644_9560_9760,n_631_9820_10025,n_790_10595_10735,n_720_10795_10930,n_587_10980_11160,n_461_11385_11955,n_468_12075_12660,
28,0.972972972973154,n_668_7650_7735,n_684_7795_7925,n_702_7985_8105,n_660_8165_8255,n_597_9060_9230,n_569_9295_9480,n_252_9600_9705,n_215_11015_11125,n_532_11175_11345,n_743_11395_11565,n_573_11970_12140,n_588_12215_12395,n_580_12480_12650,n_754_12725_12915,
28,0.027027027026846007,n_668_7650_7735,n_684_7795_7925,n_702_7985_8105,n_660_8165_8255,n_597_9060_9230,n_569_9295_9480,n_252_9600_9705,n_215_11040_11150,n_532_11205_11375,n_743_11425_11595,n_573_11970_12140,n_588_12215_12395,n_580_12480_12650,n_754_12725_12915,
30,0.5000000000000002,n_9_7685_7860,n_1_7940_8110,n_1602_8190_8275,n_223_8340_8460,n_203_9175_9280,n_217_9340_9450,n_2214_9500_9595,n_1143_10710_10790,n_1103_10840_10915,n_1112_11035_11125,n_995_11180_11275,n_1172_11325_11415,n_138_12185_12345,n_153_12420_12560,n_68_12620_12745,n_38_12795_12910,
30,0.49999999999999967,n_9_7685_7860,n_1_7940_8110,n_1602_8190_8275,n_223_8340_8460,n_203_9175_9280,n_217_9340_9450,n_776_9590_9755,n_2163_11195_11265,n_2164_11310_11435,n_138_12185_12345,n_153_12420_12560,n_68_12620_12745,n_38_12795_12910,
33,0.5000000000000002,n_34_7850_8000,n_49_8070_8215,n_1759_8265_8405,n_1783_8470_8605,n_1052_9120_9215,n_1089_9295_9395,n_994_9600_9695,n_1080_11005_11105,n_128_11155_11305,n_134_11355_11495,n_1054_12000_12095,n_1081_12175_12275,n_129_12345_12495,n_142_12555_12695,n_717_12780_12965,
33,0.3108108108108306,n_34_7850_8000,n_49_8070_8215,n_1759_8265_8405,n_1783_8470_8605,n_1052_9120_9215,n_1089_9295_9395,n_1271_9505_9590,n_271_11025_11135,n_1152_11185_11275,n_1009_11325_11435,n_1054_12000_12095,n_1081_12175_12275,n_129_12345_12495,n_142_12555_12695,n_717_12780_12965,
33,0.18918918918916916,n_34_7850_8000,n_49_8070_8215,n_1759_8265_8405,n_1783_8470_8605,n_1052_9120_9215,n_1089_9295_9395,n_994_9600_9695,n_1063_11050_11135,n_1152_11185_11275,n_1009_11325_11435,n_1054_12000_12095,n_1081_12175_12275,n_129_12345_12495,n_142_12555_12695,n_717_12780_12965,
36,0.5,n_122_7645_7735,n_862_7865_7965,n_826_8035_8165,n_899_8220_8340,n_914_8400_8495,n_1809_9180_9315,n_897_10695_10970,n_913_11035_11285,n_881_11330_11465,n_1116_11975_12090,n_1128_12140_12245,n_1197_12355_12560,n_1182_12620_12820,
36,0.47297297297299556,n_122_7645_7735,n_862_7865_7965,n_826_8035_8165,n_899_8220_8340,n_914_8400_8495,n_1809_9180_9315,n_897_10695_10970,n_2167_11045_11265,n_2179_11350_11470,n_1618_12010_12185,n_1628_12250_12425,
36,0.027027027027004435,n_122_7645_7735,n_862_7865_7965,n_826_8035_8165,n_899_8220_8340,n_914_8400_8495,n_1809_9180_9315,n_897_10695_10970,n_2167_11045_11265,n_2179_11350_11470,n_1524_12000_12110,n_1528_12160_12280,n_2038_12350_12475,n_2041_12520_12680,n_157_12750_12930,
37,0.29729729729729937,n_1075_7645_7725,n_487_7785_7865,n_444_7925_8135,n_301_8200_8300,n_310_8360_8490,n_1271_9505_9590,n_1028_9655_9815,n_2231_10780_10965,n_1864_11145_11345,n_1578_11405_11530,n_1524_12000_12110,n_1528_12160_12280,n_1940_12330_12465,n_1951_12540_12680,n_1850_12775_12920,
37,0.48648648648646087,n_1075_7645_7725,n_487_7785_7865,n_444_7925_8135,n_301_8200_8300,n_310_8360_8490,n_1619_9595_9680,n_1620_9900_10015,n_1755_10575_10720,n_1096_10950_11100,n_1057_11150_11295,n_1100_11345_11460,n_2042_11945_12110,n_2043_12170_12280,n_1940_12330_12465,n_1951_12540_12680,n_1850_12775_12920,
37,0.18918918918916494,n_1075_7645_7725,n_487_7785_7865,n_444_7925_8135,n_301_8200_8300,n_310_8360_8490,n_1271_9505_9590,n_1200_10925_11070,n_1892_11140_11275,n_99_11325_11475,n_2042_11945_12110,n_2043_12170_12280,n_1940_12330_12465,n_1951_12540_12680,n_1850_12775_12920,
37,0.027027027027074824,n_1075_7645_7725,n_487_7785_7865,n_444_7925_8135,n_301_8200_8300,n_310_8360_8490,n_711_9145_9300,n_2093_10815_10905,n_2097_11010_11100,n_1813_11150_11250,n_188_11300_11410,n_2042_11945_12110,n_2043_12170_12280,n_1940_12330_12465,n_1951_12540_12680,n_1850_12775_12920,
38,0.6891891891891694,n_2187_7705_7850,n_2191_7920_8060,n_1640_8165_8310,n_1622_8370_8510,n_1586_9275_9425,n_987_9875_10015,n_271_11005_11115,n_1651_11165_11315,n_1574_11365_11460,n_1980_11995_12085,n_1955_12145_12245,n_1965_12295_12395,n_1971_12455_12550,n_615_12650_12785,n_625_12850_13005,
38,0.17567567567566122,n_2187_7705_7850,n_2191_7920_8060,n_1640_8165_8310,n_1622_8370_8510,n_1586_9275_9425,n_987_9875_10015,n_1300_11030_11140,n_1651_11195_11345,n_1574_11395_11490,n_1980_11995_12085,n_1955_12145_12245,n_1965_12295_12395,n_1971_12455_12550,n_615_12650_12785,n_625_12850_13005,
38,0.12162162162162038,n_2187_7705_7850,n_2191_7920_8060,n_1640_8165_8310,n_1622_8370_8510,n_1586_9275_9425,n_987_9875_10015,n_1280_11030_11115,n_36_11165_11315,n_1574_11365_11460,n_1980_11995_12085,n_1955_12145_12245,n_1965_12295_12395,n_1971_12455_12550,n_615_12650_12785,n_625_12850_13005,
38,0.013513513513549014,n_2187_7705_7850,n_2191_7920_8060,n_1640_8165_8310,n_1622_8370_8510,n_1586_9275_9425,n_987_9875_10015,n_1300_11005_11115,n_1651_11165_11315,n_1574_11365_11460,n_1980_11995_12085,n_1955_12145_12245,n_1965_12295_12395,n_1971_12455_12550,n_615_12650_12785,n_625_12850_13005,
41,0.5000000000000002,n_1567_7675_7775,n_1571_7835_7920,n_1227_8040_8165,n_1264_8215_8335,n_161_8455_8565,n_191_9090_9200,n_863_9305_9405,n_827_9475_9605,n_900_9660_9780,n_2089_10665_10760,n_704_10865_10985,n_662_11045_11135,n_1152_11185_11275,n_1172_11325_11415,n_1088_12005_12105,n_1049_12165_12255,n_254_12480_12585,n_1614_12655_12745,
41,0.49999999999999933,n_1567_7675_7775,n_1571_7835_7920,n_1227_8040_8165,n_1264_8215_8335,n_161_8455_8565,n_191_9090_9200,n_863_9305_9405,n_827_9475_9605,n_900_9660_9780,n_2089_10665_10760,n_704_10865_10985,n_662_11060_11150,n_67_11210_11335,n_30_11385_11500,n_1088_12005_12105,n_1049_12165_12255,n_254_12480_12585,n_1614_12655_12745,
43,0.3108108108108495,n_1114_7655_7770,n_1126_7820_7925,n_1748_7985_8095,n_1751_8150_8260,n_1734_8325_8425,n_1742_8485_8580,n_1115_9095_9210,n_1127_9260_9365,n_242_9540_9645,n_2274_10725_10840,n_876_10960_11130,n_67_11180_11305,n_30_11355_11470,n_75_11950_12110,n_81_12175_12340,n_1203_12390_12535,n_1250_12595_12740,
43,0.49999999999999967,n_1114_7655_7770,n_1126_7820_7925,n_1748_7985_8095,n_1751_8150_8260,n_1734_8325_8425,n_1742_8485_8580,n_1115_9095_9210,n_1127_9260_9365,n_2214_9500_9595,n_1143_10710_10790,n_1103_10840_10915,n_1112_11015_11105,n_128_11155_11305,n_134_11355_11495,n_89_12050_12185,n_103_12235_12370,n_72_12475_12665,n_85_12735_12900,
43,0.18918918918915084,n_1114_7655_7770,n_1126_7820_7925,n_1748_7985_8095,n_1751_8150_8260,n_1734_8325_8425,n_1742_8485_8580,n_1115_9095_9210,n_1127_9260_9365,n_776_9585_9750,n_876_10960_11130,n_67_11180_11305,n_30_11355_11470,n_75_11950_12110,n_81_12175_12340,n_1203_12390_12535,n_1250_12595_12740,
44,0.364864864864898,n_1118_7690_7830,n_1139_7900_8040,n_70_8155_8345,n_83_8415_8580,n_1004_9310_9400,n_1080_11030_11130,n_995_11180_11275,n_1009_11325_11435,n_89_12050_12185,n_103_12235_12370,n_72_12475_12665,n_85_12735_12900,
44,0.3108108108108304,n_1118_7690_7830,n_1139_7900_8040,n_70_8155_8345,n_83_8415_8580,n_909_9595_9760,n_2163_11195_11265,n_2164_11310_11435,n_75_11950_12110,n_81_12175_12340,n_1203_12390_12535,n_1250_12595_12740,
44,0.18918918918915095,n_1118_7690_7830,n_1139_7900_8040,n_70_8155_8345,n_83_8415_8580,n_407_9110_9195,n_415_9255_9395,n_400_9440_9595,n_2274_10725_10840,n_2163_11195_11265,n_2164_11310_11435,n_75_11950_12110,n_81_12175_12340,n_1203_12390_12535,n_1250_12595_12740,
44,0.13513513513510178,n_1118_7690_7830,n_1139_7900_8040,n_70_8155_8345,n_83_8415_8580,n_1004_9310_9400,n_1080_11025_11125,n_995_11180_11275,n_1009_11325_11435,n_89_12050_12185,n_103_12235_12370,n_72_12475_12665,n_85_12735_12900,
46,0.9324324324324395,n_86_7730_7865,n_100_7915_8050,n_1515_8110_8210,n_1514_8270_8365,n_1119_9130_9270,n_1138_9340_9480,n_1135_9535_9625,n_1876_11030_11105,n_1461_11155_11250,n_1513_11300_11395,n_929_12200_12300,n_949_12360_12500,n_974_12545_12670,n_981_12730_12820,
46,0.06756756756756055,n_86_7730_7865,n_100_7915_8050,n_1515_8110_8210,n_1514_8270_8365,n_1119_9130_9270,n_1138_9340_9480,n_1135_9535_9625,n_1876_11025_11100,n_1461_11150_11245,n_1513_11300_11395,n_929_12200_12300,n_949_12360_12500,n_974_12545_12670,n_981_12730_12820,
49,0.5,n_1657_8050_8195,n_1702_8240_8370,n_1727_8430_8575,n_1738_9165_9300,n_1723_9440_9535,n_1687_9605_9735,n_1698_9795_9925,n_1709_9990_10065,n_2183_10535_10660,n_2175_10720_10975,n_913_11035_11285,n_881_11330_11465,n_873_12035_12205,n_877_12270_12440,n_1407_12530_12645,n_1414_12705_12805,
49,0.21621621621626297,n_1657_8050_8195,n_1702_8240_8370,n_1727_8430_8575,n_1738_9165_9300,n_1723_9440_9535,n_1687_9605_9735,n_1219_11020_11185,n_620_11235_11410,n_629_11965_12135,n_641_12195_12305,n_604_12355_12465,n_621_12525_12700,
49,0.20270270270270063,n_1657_8050_8195,n_1702_8240_8370,n_1727_8430_8575,n_1738_9165_9300,n_1723_9440_9535,n_1687_9605_9735,n_1698_9795_9925,n_1709_9990_10065,n_2129_11155_11295,n_653_11365_11525,n_873_12035_12205,n_877_12270_12440,n_1407_12530_12645,n_1414_12705_12805,
49,0.0810810810810364,n_1657_8050_8195,n_1702_8240_8370,n_1727_8430_8575,n_1738_9165_9300,n_1723_9440_9535,n_1687_9605_9735,n_1219_11025_11190,n_1854_11240_11340,n_1857_11390_11485,n_873_12035_12205,n_877_12270_12440,n_1407_12530_12645,n_1414_12705_12805,
51,0.6756756756756864,n_1902_7770_7855,n_1874_7915_7990,n_1681_8110_8240,n_1690_8290_8410,n_1597_9070_9155,n_1606_9205_9300,n_1812_9390_9490,n_1200_10925_11070,n_1892_11140_11275,n_1846_11335_11480,n_2156_12010_12135,n_2149_12195_12310,n_2286_12385_12485,n_2293_12545_12670,
51,0.3243243243243136,n_1902_7770_7855,n_1874_7915_7990,n_1681_8110_8240,n_1690_8290_8410,n_1597_9070_9155,n_1606_9205_9300,n_1812_9390_9490,n_1823_11005_11105,n_594_11155_11335,n_555_11385_11565,n_2156_12010_12135,n_2149_12195_12310,n_2286_12385_12485,n_2293_12545_12670,
54,0.24324324324320523,n_1291_7610_7705,n_1263_7760_7850,n_1043_7915_8005,n_1072_8070_8155,n_193_8250_8355,n_160_8420_8535,n_1292_9050_9145,n_1259_9200_9300,n_1205_9360_9520,n_1219_11020_11185,n_620_11235_11410,n_629_11965_12135,n_641_12195_12305,n_604_12355_12465,n_621_12525_12700,
54,0.5,n_1291_7610_7705,n_1263_7760_7850,n_1043_7915_8005,n_1072_8070_8155,n_193_8250_8355,n_160_8420_8535,n_1292_9050_9145,n_1259_9200_9300,n_1368_9595_9765,n_1384_11265_11440,n_1247_12005_12170,n_1209_12230_12405,n_1370_12475_12645,n_1386_12705_12880,
54,0.21621621621626308,n_1291_7610_7705,n_1263_7760_7850,n_1043_7915_8005,n_1072_8070_8155,n_193_8250_8355,n_160_8420_8535,n_1292_9050_9145,n_1259_9200_9300,n_1205_9360_9520,n_1219_11025_11190,n_1854_11240_11340,n_1857_11390_11485,n_1247_12005_12170,n_1209_12230_12405,n_1370_12475_12645,n_1386_12705_12880,
54,0.04054054054053169,n_1291_7610_7705,n_1263_7760_7850,n_1043_7915_8005,n_1072_8070_8155,n_193_8250_8355,n_160_8420_8535,n_1292_9050_9145,n_1259_9200_9300,n_1205_9360_9520,n_1219_11020_11185,n_620_11235_11410,n_2209_12150_12270,n_2204_12330_12515,n_2221_12570_12745,n_2223_12805_12940,
55,1.0,n_120_7710_7795,n_121_7855_7940,n_1509_8075_8245,n_1506_8305_8485,n_955_9270_9355,n_967_9415_9565,n_1031_9610_9750,n_968_10855_11005,n_937_11050_11190,n_940_11250_11335,n_1078_11965_12045,n_490_12105_12185,n_447_12245_12455,n_303_12520_12620,n_317_12680_12810,
56,0.37837837837837274,n_202_7735_7840,n_214_7900_8010,n_1649_8110_8260,n_1669_8325_8470,n_1296_9235_9345,n_1176_10675_10835,n_1188_10895_11045,n_1029_11095_11255,n_988_11315_11455,n_118_12080_12195,n_1066_12315_12520,n_1059_12580_12775,
56,0.18918918918914696,n_202_7735_7840,n_214_7900_8010,n_1649_8110_8260,n_1669_8325_8470,n_1296_9235_9345,n_1300_11035_11145,n_1854_11210_11310,n_1857_11360_11455,n_1298_12115_12225,n_1301_12315_12425,n_1370_12475_12645,n_1386_12705_12880,
56,0.10810810810813054,n_202_7735_7840,n_214_7900_8010,n_1649_8110_8260,n_1669_8325_8470,n_282_9110_9310,n_302_9640_9740,n_279_10740_10830,n_1943_10895_11055,n_1916_11130_11245,n_2141_11400_11545,n_729_11920_12100,n_957_12150_12235,n_969_12295_12445,n_939_12490_12630,n_1022_12690_12780,
56,0.13513513513514866,n_202_7735_7840,n_214_7900_8010,n_1649_8110_8260,n_1669_8325_8470,n_1296_9235_9345,n_1200_10925_11070,n_1892_11140_11275,n_1846_11335_11480,n_2086_11950_12045,n_2090_12105_12200,n_2094_12255_12345,n_2098_12405_12495,n_1787_12690_12780,n_1798_12840_12940,
56,0.09459459459458963,n_202_7735_7840,n_214_7900_8010,n_1649_8110_8260,n_1669_8325_8470,n_282_9110_9310,n_302_9640_9740,n_279_10740_10830,n_1943_10895_11055,n_1916_11130_11245,n_2141_11400_11545,n_1885_11935_12200,n_1002_12260_12380,n_1370_12475_12645,n_1386_12705_12880,
56,0.054054054054061274,n_202_7735_7840,n_214_7900_8010,n_1649_8110_8260,n_1669_8325_8470,n_282_9110_9310,n_302_9640_9740,n_279_10740_10830,n_1943_10895_11055,n_1916_11130_11245,n_614_11300_11435,n_622_11500_11655,n_2197_11990_12080,n_1929_12255_12405,n_1925_12455_12580,n_1532_12640_12760,n_1520_12810_12925,
56,0.040540540540549896,n_202_7735_7840,n_214_7900_8010,n_1649_8110_8260,n_1669_8325_8470,n_1296_9235_9345,n_1300_11030_11140,n_194_11190_11295,n_235_11345_11435,n_923_11960_12055,n_920_12115_12250,n_889_12310_12440,n_894_12500_12590,n_145_12640_12735,n_151_12795_12890,
60,0.5,n_1737_7725_7860,n_1722_8000_8095,n_1686_8165_8295,n_1697_8355_8485,n_1708_8550_8625,n_2188_9145_9290,n_2192_9360_9500,n_1728_10200_10345,n_1739_10605_10740,n_2317_10895_11035,n_2305_11095_11185,n_2308_11230_11310,n_2311_11375_11505,n_1881_12070_12200,n_1900_12275_12405,n_637_12600_12740,n_683_12815_12945,
60,0.5,n_1737_7725_7860,n_1722_8000_8095,n_1686_8165_8295,n_1697_8355_8485,n_1708_8550_8625,n_2188_9145_9290,n_2192_9360_9500,n_2317_10895_11035,n_2305_11095_11185,n_2308_11230_11310,n_2311_11375_11505,n_1881_12070_12200,n_1900_12275_12405,n_637_12600_12740,n_683_12815_12945,
62,0.6756756756756864,n_2244_7625_7760,n_2240_7825_7950,n_2316_8015_8155,n_2304_8215_8305,n_2307_8350_8430,n_2310_8495_8625,n_1522_9120_9230,n_1526_9280_9400,n_1938_9450_9585,n_1949_9660_9800,n_1889_10580_10710,n_1169_10775_10915,n_1823_11005_11105,n_594_11155_11335,n_555_11385_11565,n_1905_12090_12175,n_1877_12235_12310,n_1682_12430_12560,n_1691_12610_12730,
62,0.1216216216216095,n_2244_7625_7760,n_2240_7825_7950,n_2316_8015_8155,n_2304_8215_8305,n_2307_8350_8430,n_2310_8495_8625,n_1522_9120_9230,n_1526_9280_9400,n_1938_9450_9585,n_1949_9660_9800,n_1739_10605_10740,n_2129_11155_11295,n_653_11365_11525,n_1298_12115_12225,n_1301_12315_12425,n_157_12750_12930,
62,0.12162162162162038,n_2244_7625_7760,n_2240_7825_7950,n_2316_8015_8155,n_2304_8215_8305,n_2307_8350_8430,n_2310_8495_8625,n_1522_9120_9230,n_1526_9280_9400,n_1938_9450_9585,n_1949_9660_9800,n_1889_10580_10710,n_489_11065_11145,n_1651_11195_11345,n_1846_11395_11540,n_1905_12090_12175,n_1877_12235_12310,n_1682_12430_12560,n_1691_12610_12730,
62,0.06756756756754456,n_2244_7625_7760,n_2240_7825_7950,n_2316_8015_8155,n_2304_8215_8305,n_2307_8350_8430,n_2310_8495_8625,n_1522_9120_9230,n_1526_9280_9400,n_1938_9450_9585,n_1949_9660_9800,n_158_10590_10675,n_114_11030_11115,n_36_11165_11315,n_1846_11365_11510,n_1905_12090_12175,n_1877_12235_12310,n_1682_12430_12560,n_1691_12610_12730,
62,0.013513513513539133,n_2244_7625_7760,n_2240_7825_7950,n_2316_8015_8155,n_2304_8215_8305,n_2307_8350_8430,n_2310_8495_8625,n_1522_9120_9230,n_1526_9280_9400,n_1938_9450_9585,n_1949_9660_9800,n_1755_10575_10720,n_1096_10950_11100,n_1057_11150_11295,n_1100_11345_11460,n_1298_12115_12225,n_1301_12315_12425,n_157_12750_12930,
63,0.27027027027026074,n_627_7645_7815,n_639_7875_7985,n_602_8035_8145,n_619_8205_8380,n_2078_9095_9215,n_2066_9275_9370,n_593_9435_9615,n_1884_10495_10760,n_1133_10980_11120,n_910_11170_11335,n_884_11385_11555,n_870_11995_12160,n_822_12225_12295,n_836_12340_12410,n_846_12470_12625,
63,0.3918918918919393,n_627_7645_7815,n_639_7875_7985,n_602_8035_8145,n_619_8205_8380,n_2078_9095_9215,n_2066_9275_9370,n_593_9435_9615,n_695_10490_10645,n_1607_11015_11110,n_1260_11160_11255,n_1433_11305_11410,n_870_11995_12160,n_822_12225_12295,n_836_12340_12410,n_846_12470_12625,
63,0.16666666666666619,n_627_7645_7815,n_639_7875_7985,n_602_8035_8145,n_619_8205_8380,n_2078_9095_9215,n_2066_9275_9370,n_593_9435_9615,n_1884_10495_10760,n_1133_10960_11100,n_1374_11150_11365,n_1387_11435_11655,n_870_11995_12160,n_822_12225_12295,n_836_12340_12410,n_846_12470_12625,
63,0.1261261261261234,n_627_7645_7815,n_639_7875_7985,n_602_8035_8145,n_619_8205_8380,n_2078_9095_9215,n_2066_9275_9370,n_593_9435_9615,n_1884_10495_10760,n_1133_10975_11115,n_28_11165_11345,n_33_11395_11560,n_870_11995_12160,n_822_12225_12295,n_836_12340_12410,n_846_12470_12625,
63,0.0315315315314848,n_627_7645_7815,n_639_7875_7985,n_602_8035_8145,n_619_8205_8380,n_2078_9095_9215,n_2066_9275_9370,n_593_9435_9615,n_1884_10495_10760,n_1133_10980_11120,n_1374_11170_11385,n_1387_11435_11655,n_870_11995_12160,n_822_12225_12295,n_836_12340_12410,n_846_12470_12625,
63,0.013513513513525588,n_627_7645_7815,n_639_7875_7985,n_602_8035_8145,n_619_8205_8380,n_2078_9095_9215,n_2066_9275_9370,n_593_9435_9615,n_695_10490_10645,n_1607_11005_11100,n_1260_11150_11245,n_1433_11305_11410,n_870_11995_12160,n_822_12225_12295,n_836_12340_12410,n_846_12470_12625,
65,0.5810810810810928,n_2154_7690_7815,n_2147_7875_7990,n_2284_8065_8165,n_2291_8225_8350,n_1839_8405_8565,n_1888_9140_9270,n_1168_9335_9475,n_1300_11015_11125,n_221_11175_11355,n_1746_11405_11565,n_1890_12020_12150,n_1170_12215_12355,n_219_12425_12510,n_1429_12625_12705,n_1399_12765_12850,
65,0.35135135135136075,n_2154_7690_7815,n_2147_7875_7990,n_2284_8065_8165,n_2291_8225_8350,n_1839_8405_8565,n_1888_9140_9270,n_1168_9335_9475,n_1280_11040_11125,n_227_11190_11270,n_1286_11320_11420,n_18_11970_12145,n_58_12220_12385,n_1429_12625_12705,n_1399_12765_12850,
65,0.06756756756754645,n_2154_7690_7815,n_2147_7875_7990,n_2284_8065_8165,n_2291_8225_8350,n_1839_8405_8565,n_1888_9140_9270,n_1168_9335_9475,n_1176_10675_10835,n_489_11040_11120,n_221_11170_11350,n_1746_11405_11565,n_1890_12020_12150,n_1170_12215_12355,n_219_12425_12510,n_1429_12625_12705,n_1399_12765_12850,
68,0.6351351351351586,n_930_7675_7905,n_931_7965_8055,n_1367_8155_8325,n_1385_8385_8560,n_934_9590_9695,n_951_9845_10105,n_976_10700_10920,n_978_11000_11120,n_1428_11185_11265,n_1396_11325_11410,n_713_12025_12180,n_724_12225_12380,n_948_12480_12610,n_962_12670_12925,
68,0.35135135135146167,n_930_7675_7905,n_931_7965_8055,n_1367_8155_8325,n_1385_8385_8560,n_934_9600_9705,n_951_9845_10105,n_976_10700_10920,n_978_11010_11130,n_1428_11185_11265,n_1396_11325_11410,n_713_12025_12180,n_724_12225_12380,n_948_12480_12610,n_962_12670_12925,
68,0.013513513513379705,n_930_7675_7905,n_931_7965_8055,n_1367_8155_8325,n_1385_8385_8560,n_934_9590_9695,n_951_9845_10105,n_976_10700_10920,n_978_11010_11130,n_1428_11185_11265,n_1396_11325_11410,n_713_12025_12180,n_724_12225_12380,n_948_12480_12610,n_962_12670_12925,
70,0.3333333333333337,n_1192_7655_7825,n_56_7900_8065,n_945_8160_8290,n_959_8350_8605,n_932_9260_9480,n_2364_10985_11105,n_1374_11150_11365,n_1387_11435_11655,n_1537_12220_12355,n_1544_12420_12555,n_1540_12600_12745,n_1541_12800_12925,
70,0.2567567567567922,n_1192_7655_7825,n_56_7900_8065,n_945_8160_8290,n_959_8350_8605,n_932_9260_9480,n_2364_10990_11110,n_1374_11155_11370,n_1387_11435_11655,n_1537_12220_12355,n_1544_12420_12555,n_1540_12600_12745,n_1541_12800_12925,
70,0.1216216216216095,n_1192_7655_7825,n_56_7900_8065,n_945_8160_8290,n_959_8350_8605,n_932_9260_9480,n_2364_10980_11100,n_1426_11145_11230,n_1397_11280_11430,n_2197_11990_12080,n_1929_12255_12405,n_1925_12455_12580,n_1532_12640_12760,n_1520_12810_12925,
70,0.1216216216216145,n_1192_7655_7825,n_56_7900_8065,n_945_8160_8290,n_959_8350_8605,n_932_9260_9480,n_782_10760_10870,n_832_10920_11020,n_833_11090_11225,n_156_11310_11490,n_133_11915_12080,n_1197_12355_12560,n_1182_12620_12820,
70,0.08558558558556395,n_1192_7655_7825,n_56_7900_8065,n_945_8160_8290,n_959_8350_8605,n_932_9260_9480,n_2364_10980_11100,n_1374_11145_11360,n_1387_11435_11655,n_1537_12220_12355,n_1544_12420_12555,n_1540_12600_12745,n_1541_12800_12925,
70,0.08108108108108614,n_1192_7655_7825,n_56_7900_8065,n_945_8160_8290,n_959_8350_8605,n_932_9260_9480,n_782_10760_10870,n_832_10920_11020,n_833_11090_11225,n_156_11310_11490,n_133_11915_12080,n_865_12185_12285,n_829_12355_12485,n_902_12540_12660,n_917_12720_12815,
74,0.5000000000000004,n_726_7600_7780,n_1972_7860_8020,n_1985_8080_8180,n_1966_8230_8330,n_1973_8400_8565,n_411_9405_9490,n_420_9550_9690,n_431_9795_9930,n_416_10695_10835,n_418_10880_11035,n_423_11095_11180,n_1593_11225_11350,n_1581_11395_11515,n_37_12170_12320,n_52_12390_12535,n_1760_12585_12725,n_1768_12790_12925,
74,0.3783783783783953,n_726_7600_7780,n_1972_7860_8020,n_1985_8080_8180,n_1966_8230_8330,n_1973_8400_8565,n_411_9405_9490,n_420_9550_9690,n_377_10920_11140,n_253_11190_11295,n_235_11345_11435,n_37_12170_12320,n_52_12390_12535,n_1760_12585_12725,n_1768_12790_12925,
74,0.08108108108108636,n_726_7600_7780,n_1972_7860_8020,n_1985_8080_8180,n_1966_8230_8330,n_1973_8400_8565,n_411_9405_9490,n_420_9550_9690,n_377_10910_11130,n_253_11180_11285,n_1613_11335_11425,n_37_12170_12320,n_52_12390_12535,n_1760_12585_12725,n_1768_12790_12925,
74,0.04054054054049938,n_726_7600_7780,n_1972_7860_8020,n_1985_8080_8180,n_1966_8230_8330,n_1973_8400_8565,n_711_9145_9300,n_2093_10815_10905,n_2097_11020_11110,n_1260_11160_11255,n_1433_11305_11410,n_37_12170_12320,n_52_12390_12535,n_1760_12585_12725,n_1768_12790_12925,
75,0.7027027027027006,n_1408_7750_7860,n_1409_7920_8030,n_2064_8240_8365,n_2065_8425_8560,n_1879_9190_9320,n_1898_9395_9525,n_2137_9730_9860,n_2131_9910_10035,n_1587_10715_10865,n_1091_11035_11125,n_1603_11175_11260,n_222_11310_11430,n_1411_12045_12145,n_1424_12205_12300,n_1230_12360_12485,n_1262_12535_12655,
75,0.29729729729729937,n_1408_7750_7860,n_1409_7920_8030,n_2064_8240_8365,n_2065_8425_8560,n_1879_9190_9320,n_1898_9395_9525,n_2137_9730_9860,n_2131_9910_10035,n_2129_11155_11295,n_653_11365_11525,n_1411_12045_12145,n_1424_12205_12300,n_1230_12360_12485,n_1262_12535_12655,
76,0.24324324324320568,n_1585_7835_7985,n_1090_8050_8140,n_26_8185_8365,n_40_8425_8590,n_407_9110_9195,n_415_9255_9395,n_400_9440_9595,n_507_11020_11120,n_510_11190_11290,n_583_11350_11455,n_1277_12020_12150,n_1713_12205_12350,
76,0.2702702702702704,n_1585_7835_7985,n_1090_8050_8140,n_26_8185_8365,n_40_8425_8590,n_407_9110_9195,n_415_9255_9395,n_400_9440_9595,n_441_9820_9985,n_459_10625_10790,n_471_11005_11110,n_777_11160_11325,n_1861_11375_11490,n_629_11965_12135,n_641_12195_12305,n_604_12355_12465,n_621_12525_12700,
76,0.27027027027026096,n_1585_7835_7985,n_1090_8050_8140,n_26_8185_8365,n_40_8425_8590,n_1056_9545_9690,n_1069_11180_11305,n_1084_11350_11505,n_629_11965_12135,n_641_12195_12305,n_604_12355_12465,n_621_12525_12700,
76,0.21621621621626297,n_1585_7835_7985,n_1090_8050_8140,n_26_8185_8365,n_40_8425_8590,n_407_9110_9195,n_415_9255_9395,n_400_9440_9595,n_507_11020_11120,n_510_11190_11290,n_583_11350_11455,n_873_12035_12205,n_877_12270_12440,n_157_12750_12930,
77,0.31081081081084605,n_676_7780_7890,n_690_7970_8090,n_651_8160_8265,n_652_8315_8415,n_495_8490_8660,n_520_9045_9235,n_531_9590_9645,n_1562_10190_10335,n_1884_10495_10760,n_1133_10980_11120,n_1005_11170_11260,n_1063_11310_11395,n_1815_12055_12195,n_1818_12240_12385,n_778_12510_12675,n_802_12735_12905,
77,0.18918918918919192,n_676_7780_7890,n_690_7970_8090,n_651_8160_8265,n_652_8315_8415,n_495_8490_8660,n_520_9045_9235,n_1040_9595_9725,n_1895_9865_10090,n_2121_10485_10645,n_1763_10695_10780,n_1696_10900_10995,n_1701_11055_11165,n_581_11315_11480,n_1815_12055_12195,n_1818_12240_12385,n_778_12510_12675,n_802_12735_12905,
77,0.13513513513513847,n_676_7780_7890,n_690_7970_8090,n_651_8160_8265,n_652_8315_8415,n_495_8490_8660,n_520_9045_9235,n_1163_9310_9435,n_1180_11030_11145,n_1854_11210_11310,n_1857_11360_11455,n_1815_12055_12195,n_1818_12240_12385,n_778_12510_12675,n_802_12735_12905,
77,0.0945945945945178,n_676_7780_7890,n_690_7970_8090,n_651_8160_8265,n_652_8315_8415,n_495_8490_8660,n_520_9045_9235,n_531_9590_9645,n_1562_10190_10335,n_1884_10495_10760,n_1133_10985_11125,n_1603_11175_11260,n_222_11310_11430,n_1815_12055_12195,n_1818_12240_12385,n_778_12510_12675,n_802_12735_12905,
77,0.08108108108099271,n_676_7780_7890,n_690_7970_8090,n_651_8160_8265,n_652_8315_8415,n_495_8490_8660,n_520_9045_9235,n_1040_9595_9725,n_1895_9865_10090,n_2121_10485_10645,n_1763_10695_10780,n_51_10980_11125,n_1603_11175_11260,n_222_11310_11430,n_1815_12055_12195,n_1818_12240_12385,n_778_12510_12675,n_802_12735_12905,
77,0.13513513513512243,n_676_7780_7890,n_690_7970_8090,n_651_8160_8265,n_652_8315_8415,n_495_8490_8660,n_520_9045_9235,n_1163_9310_9435,n_1180_11005_11120,n_243_11170_11275,n_1284_11325_11435,n_1815_12055_12195,n_1818_12240_12385,n_778_12510_12675,n_802_12735_12905,
77,0.05405405405401131,n_676_7780_7890,n_690_7970_8090,n_651_8160_8265,n_652_8315_8415,n_495_8490_8660,n_520_9045_9235,n_531_9590_9645,n_1562_10190_10335,n_2069_10925_11100,n_1813_11150_11250,n_188_11300_11410,n_1815_12055_12195,n_1818_12240_12385,n_778_12510_12675,n_802_12735_12905,
82,0.35135135135135165,n_2044_7625_7790,n_2046_7850_7960,n_1937_8010_8145,n_1948_8220_8360,n_1849_8455_8600,n_1780_9105_9200,n_1762_9255_9340,n_1765_9425_9515,n_1763_10695_10780,n_51_10970_11115,n_28_11165_11345,n_33_11395_11560,n_923_11960_12055,n_920_12115_12250,n_889_12310_12440,n_894_12500_12590,n_145_12640_12735,n_151_12795_12890,
82,0.351351351351349,n_2044_7625_7790,n_2046_7850_7960,n_1937_8010_8145,n_1948_8220_8360,n_1849_8455_8600,n_1780_9105_9200,n_1762_9255_9340,n_1765_9425_9515,n_771_10695_10840,n_791_10885_11025,n_798_11090_11175,n_1593_11225_11350,n_1581_11395_11515,n_923_11960_12055,n_920_12115_12250,n_889_12310_12440,n_894_12500_12590,n_145_12640_12735,n_151_12795_12890,
82,0.29729729729729937,n_2044_7625_7790,n_2046_7850_7960,n_1937_8010_8145,n_1948_8220_8360,n_1849_8455_8600,n_1780_9105_9200,n_1762_9255_9340,n_1765_9425_9515,n_1763_10695_10780,n_1696_10900_10995,n_1701_11055_11165,n_581_11315_11480,n_2042_11945_12110,n_2043_12170_12280,n_2038_12350_12475,n_2041_12520_12680,n_157_12750_12930,
86,0.6621621621621038,n_1491_7890_8055,n_1494_8115_8280,n_1743_9100_9225,n_1757_9290_9410,n_1449_9460_9610,n_2344_10960_11105,n_1041_11155_11285,n_1896_11335_11560,n_522_11925_12115,n_865_12185_12285,n_829_12355_12485,n_902_12540_12660,n_917_12720_12815,
86,0.12162162162162327,n_1491_7890_8055,n_1494_8115_8280,n_1743_9100_9225,n_1757_9290_9410,n_1449_9460_9610,n_2344_10960_11105,n_327_11155_11235,n_287_11300_11380,n_156_11430_11610,n_133_11915_12080,n_865_12185_12285,n_829_12355_12485,n_902_12540_12660,n_917_12720_12815,
86,0.04054054054061784,n_1491_7890_8055,n_1494_8115_8280,n_1743_9100_9225,n_1757_9290_9410,n_1449_9460_9610,n_2344_10975_11120,n_656_11175_11260,n_674_11310_11455,n_522_11925_12115,n_865_12185_12285,n_829_12355_12485,n_902_12540_12660,n_917_12720_12815,
86,0.06756756756756044,n_1491_7890_8055,n_1494_8115_8280,n_1743_9100_9225,n_1757_9290_9410,n_1449_9460_9610,n_2344_10960_11105,n_327_11155_11235,n_300_11295_11380,n_2077_11430_11595,n_522_11925_12115,n_865_12185_12285,n_829_12355_12485,n_902_12540_12660,n_917_12720_12815,
86,0.08108108108108614,n_1491_7890_8055,n_1494_8115_8280,n_1743_9100_9225,n_1757_9290_9410,n_1449_9460_9610,n_2344_10955_11100,n_806_11150_11300,n_1451_11350_11490,n_2086_11950_12045,n_2090_12105_12200,n_2094_12255_12345,n_2098_12405_12495,n_1647_12560_12730,n_1678_12790_12955,
86,0.027027027027008543,n_1491_7890_8055,n_1494_8115_8280,n_1743_9100_9225,n_1757_9290_9410,n_1449_9460_9610,n_2344_10970_11115,n_656_11175_11260,n_674_11310_11455,n_522_11925_12115,n_865_12185_12285,n_829_12355_12485,n_902_12540_12660,n_917_12720_12815,
87,0.5945945945945351,n_2276_7690_7785,n_2272_7845_7960,n_1224_8050_8195,n_1233_8280_8580,n_1238_9200_9490,n_1211_9550_9690,n_2267_9755_9865,n_2140_10200_10345,n_695_10490_10645,n_1607_11005_11100,n_1448_11150_11300,n_1451_11350_11490,n_750_12030_12180,n_809_12235_12385,n_1647_12560_12730,n_1678_12790_12955,
87,0.32432432432437874,n_2276_7690_7785,n_2272_7845_7960,n_1224_8050_8195,n_1233_8280_8580,n_1238_9200_9490,n_1211_9550_9690,n_2267_9755_9865,n_2140_10200_10345,n_2069_10925_11100,n_1448_11150_11300,n_1451_11350_11490,n_750_12030_12180,n_809_12235_12385,n_1647_12560_12730,n_1678_12790_12955,
87,0.08108108108108614,n_2276_7690_7785,n_2272_7845_7960,n_1224_8050_8195,n_1233_8280_8580,n_1238_9200_9490,n_1211_9550_9690,n_1225_10930_11075,n_1234_11160_11460,n_1240_12080_12370,n_1213_12430_12570,n_2280_12695_12805,n_2281_12865_12955,
91,0.7027027027027006,n_1086_7685_7785,n_1047_7845_7935,n_534_8015_8070,n_298_8130_8225,n_305_8285_8385,n_1561_8510_8655,n_1565_9025_9175,n_553_9240_9290,n_174_9390_9495,n_1028_9655_9815,n_1577_9965_10090,n_1806_10870_10985,n_1501_11045_11170,n_1355_11235_11490,n_1378_12000_12280,n_1498_12365_12490,n_1791_12550_12655,n_1795_12730_12810,
91,0.17567567567565923,n_1086_7685_7785,n_1047_7845_7935,n_534_8015_8070,n_298_8130_8225,n_305_8285_8385,n_1561_8510_8655,n_1565_9025_9175,n_553_9240_9290,n_1205_9360_9520,n_1698_9795_9925,n_1709_9990_10065,n_1806_10870_10985,n_1501_11045_11170,n_1355_11235_11490,n_1378_12000_12280,n_1498_12365_12490,n_1791_12550_12655,n_1795_12730_12810,
91,0.12162162162164014,n_1086_7685_7785,n_1047_7845_7935,n_534_8015_8070,n_298_8130_8225,n_305_8285_8385,n_1561_8510_8655,n_1565_9025_9175,n_553_9240_9290,n_1205_9360_9520,n_1698_9795_9925,n_1709_9990_10065,n_1806_10870_10985,n_1501_11050_11175,n_1355_11235_11490,n_1378_12000_12280,n_1498_12365_12490,n_1791_12550_12655,n_1795_12730_12810,
92,0.5,n_519_7605_7795,n_55_7875_8050,n_24_8115_8275,n_347_8315_8470,n_357_8515_8570,n_367_9165_9235,n_368_9290_9440,n_1368_9595_9765,n_1384_11265_11440,n_149_11940_12050,n_1177_12115_12275,n_1189_12335_12485,n_1289_12550_12650,
92,0.18918918918916777,n_519_7605_7795,n_55_7875_8050,n_24_8115_8275,n_347_8315_8470,n_357_8515_8570,n_367_9165_9235,n_368_9290_9440,n_655_9585_9670,n_673_9840_9985,n_1566_10465_10615,n_545_11070_11120,n_1149_11170_11300,n_1100_11345_11460,n_149_11940_12050,n_1177_12115_12275,n_1189_12335_12485,n_1289_12550_12650,
92,0.16216216216208795,n_519_7605_7795,n_55_7875_8050,n_24_8115_8275,n_347_8315_8470,n_357_8515_8570,n_367_9165_9235,n_368_9290_9440,n_484_9590_9700,n_441_9820_9985,n_459_10625_10790,n_471_11015_11120,n_1149_11170_11300,n_1100_11345_11460,n_149_11940_12050,n_1177_12115_12275,n_1189_12335_12485,n_1289_12550_12650,
92,0.08108108108101691,n_519_7605_7795,n_55_7875_8050,n_24_8115_8275,n_347_8315_8470,n_357_8515_8570,n_367_9165_9235,n_368_9290_9440,n_655_9585_9670,n_673_9840_9985,n_1566_10465_10615,n_545_11080_11130,n_1149_11200_11330,n_1100_11375_11490,n_149_11940_12050,n_1177_12115_12275,n_1189_12335_12485,n_1289_12550_12650,
92,0.06756756756762633,n_519_7605_7795,n_55_7875_8050,n_24_8115_8275,n_347_8315_8470,n_357_8515_8570,n_367_9165_9235,n_368_9290_9440,n_484_9590_9700,n_441_9820_9985,n_459_10625_10790,n_471_11020_11125,n_1149_11200_11330,n_1100_11375_11490,n_149_11940_12050,n_1177_12115_12275,n_1189_12335_12485,n_1289_12550_12650,
93,0.5675675675675607,n_383_7725_7795,n_389_7850_8000,n_2224_8060_8155,n_2205_8200_8275,n_230_8340_8445,n_255_8505_8615,n_891_9260_9425,n_821_10785_10855,n_835_10900_10970,n_845_11030_11185,n_716_11340_11525,n_729_11920_12100,n_957_12150_12235,n_969_12295_12445,n_939_12490_12630,n_1022_12690_12780,
93,0.2972972972973229,n_383_7725_7795,n_389_7850_8000,n_2224_8060_8155,n_2205_8200_8275,n_230_8340_8445,n_255_8505_8615,n_1558_9135_9235,n_1545_9285_9395,n_1016_10940_11115,n_1024_11210_11475,n_107_12080_12360,n_109_12430_12570,
93,0.08108108108106765,n_383_7725_7795,n_389_7850_8000,n_2224_8060_8155,n_2205_8200_8275,n_230_8340_8445,n_255_8505_8615,n_1558_9135_9235,n_1545_9285_9395,n_1016_10935_11110,n_1024_11200_11465,n_107_12080_12360,n_109_12430_12570,
93,0.054054054054048783,n_383_7725_7795,n_389_7850_8000,n_2224_8060_8155,n_2205_8200_8275,n_230_8340_8445,n_255_8505_8615,n_891_9260_9425,n_2282_9815_9925,n_416_10695_10835,n_418_10880_11035,n_423_11095_11180,n_1593_11225_11350,n_1581_11395_11515,n_923_11960_12055,n_920_12115_12250,n_889_12310_12440,n_894_12500_12590,n_145_12640_12735,n_151_12795_12890,
94,0.8108108108108163,n_867_7675_7840,n_819_7905_7975,n_856_8020_8090,n_857_8150_8305,n_16_9090_9265,n_1157_10955_11120,n_327_11170_11250,n_287_11300_11380,n_439_11965_12050,n_494_12095_12255,n_456_12315_12480,n_462_12525_12610,n_332_12715_12900,
94,0.1891891891891837,n_867_7675_7840,n_819_7905_7975,n_856_8020_8090,n_857_8150_8305,n_16_9090_9265,n_1157_10980_11145,n_243_11200_11305,n_1284_11355_11465,n_439_11965_12050,n_494_12095_12255,n_456_12315_12480,n_462_12525_12610,n_332_12715_12900,
95,0.7432432432432478,n_1808_7740_7875,n_1816_7920_8065,n_251_8160_8265,n_1612_8335_8425,n_1503_9180_9360,n_1464_10930_11100,n_194_11150_11255,n_1613_11305_11395,n_1313_12120_12405,n_197_12460_12715,n_208_12790_12920,
95,0.17567567567566567,n_1808_7740_7875,n_1816_7920_8065,n_251_8160_8265,n_1612_8335_8425,n_1503_9180_9360,n_1464_10930_11100,n_253_11150_11255,n_1613_11305_11395,n_1313_12120_12405,n_197_12460_12715,n_208_12790_12920,
95,0.04054054054054368,n_1808_7740_7875,n_1816_7920_8065,n_251_8160_8265,n_1612_8335_8425,n_1503_9180_9360,n_1464_10935_11105,n_253_11190_11295,n_235_11345_11435,n_1313_12120_12405,n_197_12460_12715,n_208_12790_12920,
95,0.0405405405405429,n_1808_7740_7875,n_1816_7920_8065,n_251_8160_8265,n_1612_8335_8425,n_1503_9180_9360,n_1464_10935_11105,n_777_11170_11335,n_884_11385_11555,n_1313_12120_12405,n_197_12460_12715,n_208_12790_12920,
96,0.4189189189189131,n_749_7710_7860,n_808_7915_8065,n_1784_8370_8460,n_1797_8520_8620,n_2155_9130_9255,n_2148_9315_9430,n_2285_9505_9605,n_782_10760_10870,n_832_10920_11020,n_833_11090_11225,n_331_11275_11460,n_292_12060_12235,n_1066_12315_12520,n_1059_12580_12775,
96,0.3783783783783855,n_749_7710_7860,n_808_7915_8065,n_1784_8370_8460,n_1797_8520_8620,n_2155_9130_9255,n_2148_9315_9430,n_2285_9505_9605,n_782_10760_10870,n_832_10920_11020,n_833_11090_11225,n_331_11275_11460,n_292_12060_12235,n_1197_12355_12560,n_1182_12620_12820,
96,0.12612612612615914,n_749_7710_7860,n_808_7915_8065,n_1784_8370_8460,n_1797_8520_8620,n_2155_9130_9255,n_2148_9315_9430,n_2285_9505_9605,n_2364_10980_11100,n_1374_11145_11360,n_1387_11435_11655,n_923_11960_12055,n_920_12115_12250,n_889_12310_12440,n_894_12500_12590,n_145_12640_12735,n_151_12795_12890,
96,0.07657657657654149,n_749_7710_7860,n_808_7915_8065,n_1784_8370_8460,n_1797_8520_8620,n_2155_9130_9255,n_2148_9315_9430,n_2285_9505_9605,n_2364_10990_11110,n_28_11155_11335,n_33_11395_11560,n_923_11960_12055,n_920_12115_12250,n_889_12310_12440,n_894_12500_12590,n_145_12640_12735,n_151_12795_12890,
98,0.7297297297297356,n_710_7705_7860,n_722_7905_8060,n_1134_8095_8185,n_1106_8245_8350,n_714_8460_8645,n_727_9040_9220,n_27_9600_9780,n_54_10950_11115,n_1136_11165_11255,n_1146_11305_11410,n_609_12225_12315,n_618_12375_12495,n_638_12545_12650,n_642_12710_12800,
98,0.15765765765764095,n_710_7705_7860,n_722_7905_8060,n_1134_8095_8185,n_1106_8245_8350,n_714_8460_8645,n_727_9040_9220,n_27_9595_9775,n_54_10950_11115,n_1136_11165_11255,n_1146_11305_11410,n_609_12225_12315,n_618_12375_12495,n_638_12545_12650,n_642_12710_12800,
98,0.11261261261262345,n_710_7705_7860,n_722_7905_8060,n_1134_8095_8185,n_1106_8245_8350,n_714_8460_8645,n_727_9040_9220,n_1619_9600_9685,n_1620_9900_10015,n_158_10590_10675,n_114_11025_11110,n_1136_11160_11250,n_1146_11305_11410,n_609_12225_12315,n_618_12375_12495,n_638_12545_12650,n_642_12710_12800,
99,0.5540540540540165,n_711_9145_9300,n_2093_10815_10905,n_2097_11020_11110,n_1260_11160_11255,n_1433_11305_11410,n_409_11990_12075,n_417_12135_12275,n_426_12320_12475,n_429_12535_12620,
99,0.4009009009009157,n_1619_9600_9685,n_1620_9900_10015,n_158_10590_10675,n_114_11030_11115,n_28_11165_11345,n_33_11395_11560,n_409_11990_12075,n_417_12135_12275,n_426_12320_12475,n_429_12535_12620,
99,0.04504504504506779,n_27_9595_9775,n_54_10950_11115,n_28_11165_11345,n_33_11395_11560,n_409_11990_12075,n_417_12135_12275,n_426_12320_12475,n_429_12535_12620,
100,0.7972972972972994,n_2070_7585_7760,n_1811_7950_8050,n_1819_8115_8215,n_2084_9070_9165,n_2088_9225_9320,n_2092_9375_9465,n_919_10675_10810,n_882_10870_11000,n_883_11060_11150,n_82_11200_11295,n_143_11355_11450,n_1216_12005_12090,n_1221_12135_12240,n_2159_12305_12440,n_2162_12490_12560,n_2280_12695_12805,n_2281_12865_12955,
100,0.20270270270270063,n_2070_7585_7760,n_1811_7950_8050,n_1819_8115_8215,n_2084_9070_9165,n_2088_9225_9320,n_2092_9375_9465,n_919_10675_10810,n_882_10870_11000,n_883_11060_11150,n_82_11200_11295,n_143_11355_11450,n_1756_12015_12160,n_1097_12225_12375,n_1058_12425_12570,n_1070_12620_12745,n_1085_12790_12945,
102,0.29729729729729937,n_2226_7635_7835,n_2230_7900_8085,n_2171_8260_8380,n_1860_8465_8580,n_1863_9705_9905,n_1577_9965_10090,n_1523_10560_10670,n_1527_10720_10850,n_2037_10910_11035,n_2040_11110_11280,n_2340_11340_11490,n_2345_11910_12055,n_328_12120_12200,n_288_12260_12340,n_244_12420_12525,n_1285_12585_12695,n_2341_12780_12930,
102,0.3783783783783907,n_2226_7635_7835,n_2230_7900_8085,n_2171_8260_8380,n_1860_8465_8580,n_2238_10505_10690,n_1019_10990_11100,n_1426_11145_11230,n_1339_11280_11380,n_296_12110_12195,n_288_12260_12340,n_244_12420_12525,n_1285_12585_12695,n_2341_12780_12930,
102,0.20270270270270063,n_2226_7635_7835,n_2230_7900_8085,n_2171_8260_8380,n_1860_8465_8580,n_1863_9705_9905,n_489_11065_11145,n_243_11200_11305,n_1284_11355_11465,n_328_12120_12200,n_288_12260_12340,n_244_12420_12525,n_1285_12585_12695,n_2341_12780_12930,
102,0.12162162162160928,n_2226_7635_7835,n_2230_7900_8085,n_2171_8260_8380,n_1860_8465_8580,n_2238_10505_10690,n_1019_10990_11100,n_1603_11145_11230,n_222_11280_11400,n_328_12120_12200,n_288_12260_12340,n_244_12420_12525,n_1285_12585_12695,n_2341_12780_12930,
103,0.37837837837830857,n_13_7685_7845,n_2185_7970_8110,n_2157_8170_8240,n_2169_8315_8385,n_2160_8430_8555,n_871_9155_9325,n_876_10965_11135,n_348_11195_11350,n_358_11395_11450,n_384_12045_12115,n_390_12170_12320,n_2216_12380_12475,n_2200_12520_12600,n_1037_12665_12750,n_998_12840_12920,
103,0.4189189189189003,n_13_7685_7845,n_2185_7970_8110,n_2157_8170_8240,n_2169_8315_8385,n_2160_8430_8555,n_871_9155_9325,n_2282_9815_9925,n_185_11040_11145,n_348_11195_11350,n_358_11395_11450,n_384_12045_12115,n_390_12170_12320,n_2216_12380_12475,n_2200_12520_12600,n_1037_12665_12750,n_998_12840_12920,
103,0.12162162162170498,n_13_7685_7845,n_2185_7970_8110,n_2157_8170_8240,n_2169_8315_8385,n_2160_8430_8555,n_871_9155_9325,n_876_10975_11145,n_348_11195_11350,n_358_11395_11450,n_384_12045_12115,n_390_12170_12320,n_2216_12380_12475,n_2200_12520_12600,n_1037_12665_12750,n_998_12840_12920,
103,0.08108108108108614,n_13_7685_7845,n_2185_7970_8110,n_2157_8170_8240,n_2169_8315_8385,n_2160_8430_8555,n_871_9155_9325,n_2267_9755_9865,n_1763_10695_10780,n_152_11005_11145,n_348_11195_11350,n_358_11395_11450,n_384_12045_12115,n_390_12170_12320,n_2216_12380_12475,n_2200_12520_12600,n_1037_12665_12750,n_998_12840_12920,
104,0.2702702702704076,n_210_7715_7840,n_169_7905_8170,n_1324_8235_8510,n_1350_9180_9265,n_1432_9325_9430,n_1056_9545_9690,n_1180_11025_11140,n_777_11200_11365,n_884_11415_11585,n_2327_12065_12150,n_2334_12210_12485,n_2329_12555_12805,n_2330_12865_12950,
104,0.24324324324309177,n_210_7715_7840,n_169_7905_8170,n_1324_8235_8510,n_1350_9180_9265,n_1432_9325_9430,n_1056_9545_9690,n_1180_11005_11120,n_777_11170_11335,n_884_11385_11555,n_2327_12065_12150,n_2334_12210_12485,n_2329_12555_12805,n_2330_12865_12950,
104,0.21621621621623965,n_210_7715_7840,n_169_7905_8170,n_1324_8235_8510,n_1350_9180_9265,n_1432_9325_9430,n_1056_9545_9690,n_1180_11025_11140,n_194_11190_11295,n_235_11345_11435,n_2327_12065_12150,n_2334_12210_12485,n_2329_12555_12805,n_2330_12865_12950,
104,0.20270270270270507,n_210_7715_7840,n_169_7905_8170,n_1324_8235_8510,n_1350_9180_9265,n_1432_9325_9430,n_1271_9505_9590,n_1280_11045_11130,n_227_11190_11270,n_1286_11320_11420,n_2327_12065_12150,n_2334_12210_12485,n_2329_12555_12805,n_2330_12865_12950,
104,0.06756756756755589,n_210_7715_7840,n_169_7905_8170,n_1324_8235_8510,n_1350_9180_9265,n_1432_9325_9430,n_27_9600_9780,n_54_10965_11130,n_227_11190_11270,n_1286_11320_11420,n_2327_12065_12150,n_2334_12210_12485,n_2329_12555_12805,n_2330_12865_12950,
106,0.47297297297295027,n_2342_7590_7735,n_135_7865_8025,n_112_8100_8240,n_312_8310_8385,n_275_8445_8525,n_677_9220_9330,n_691_9410_9530,n_697_9595_9705,n_1979_10555_10645,n_1954_10705_10805,n_1016_10940_11115,n_1024_11205_11470,n_107_12080_12360,n_109_12430_12570,
106,0.3783783783783905,n_2342_7590_7735,n_135_7865_8025,n_112_8100_8240,n_312_8310_8385,n_275_8445_8525,n_677_9220_9330,n_691_9410_9530,n_2093_10815_10905,n_2097_11020_11110,n_295_11160_11245,n_300_11295_11380,n_2077_11430_11595,n_2082_11905_12080,n_1803_12150_12235,n_1807_12310_12425,n_1502_12485_12610,n_1356_12675_12930,
106,0.14864864864865923,n_2342_7590_7735,n_135_7865_8025,n_112_8100_8240,n_312_8310_8385,n_275_8445_8525,n_677_9220_9330,n_691_9410_9530,n_697_9595_9705,n_1979_10555_10645,n_1954_10705_10805,n_1016_10935_11110,n_1024_11200_11465,n_107_12080_12360,n_109_12430_12570,
107,0.5405405405405466,n_281_7670_7870,n_373_7915_8135,n_1404_8210_8325,n_1421_8385_8485,n_1410_9165_9265,n_1422_9325_9410,n_531_9585_9640,n_1562_10190_10335,n_1566_10465_10615,n_545_11060_11110,n_935_11160_11265,n_952_11315_11575,n_924_12140_12360,n_925_12435_12555,n_996_12605_12700,n_1010_12765_12875,
107,0.2702702702701847,n_281_7670_7870,n_373_7915_8135,n_1404_8210_8325,n_1421_8385_8485,n_1410_9165_9265,n_1422_9325_9410,n_1040_9600_9730,n_1001_11020_11140,n_935_11190_11295,n_952_11345_11605,n_924_12140_12360,n_925_12435_12555,n_996_12605_12700,n_1010_12765_12875,
107,0.18918918918926808,n_281_7670_7870,n_373_7915_8135,n_1404_8210_8325,n_1421_8385_8485,n_1410_9165_9265,n_1422_9325_9410,n_655_9595_9680,n_673_9840_9985,n_1566_10465_10615,n_545_11060_11110,n_935_11160_11265,n_952_11315_11575,n_924_12140_12360,n_925_12435_12555,n_996_12605_12700,n_1010_12765_12875,
108,0.5000000000000004,n_1417_7230_7570,n_1204_7920_8080,n_1217_8140_8305,n_329_8395_8580,n_290_9180_9355,n_476_9430_9520,n_453_9580_9740,n_1943_10895_11055,n_1916_11130_11245,n_2141_11400_11545,n_2082_11905_12080,n_1803_12150_12235,n_1807_12310_12425,n_1502_12485_12610,n_1356_12675_12930,
108,0.49999999999999956,n_1417_7230_7570,n_1204_7920_8080,n_1217_8140_8305,n_329_8395_8580,n_290_9180_9355,n_476_9430_9520,n_453_9580_9740,n_431_9795_9930,n_2274_10725_10840,n_1225_10930_11075,n_1234_11160_11460,n_1358_12055_12315,n_1362_12375_12555,n_1552_12645_12755,n_1554_12800_12895,
109,0.36486486486513414,n_325_7800_7880,n_285_7940_8020,n_241_8100_8205,n_1282_8265_8375,n_2338_8460_8610,n_2343_9030_9175,n_1163_9310_9435,s_1068_1083_9740_9940,n_263_10955_11115,n_265_11205_11470,n_1240_12080_12370,n_1213_12430_12570,n_2170_12635_12705,n_2161_12750_12875,
109,0.22972972972973904,n_325_7800_7880,n_285_7940_8020,n_241_8100_8205,n_1282_8265_8375,n_2338_8460_8610,n_2343_9030_9175,n_1163_9310_9435,n_1069_11180_11305,n_1084_11350_11505,n_1323_12125_12300,n_1331_12360_12440,n_1344_12500_12580,n_1309_12680_12855,
109,0.20270270270270063,n_325_7800_7880,n_285_7940_8020,n_241_8100_8205,n_1282_8265_8375,n_2338_8460_8610,n_2343_9030_9175,n_1205_9360_9520,n_1219_11045_11210,n_331_11275_11460,n_292_12060_12235,n_2159_12305_12440,n_2162_12490_12560,n_2170_12635_12705,n_2161_12750_12875,
109,0.13513513513486564,n_325_7800_7880,n_285_7940_8020,n_241_8100_8205,n_1282_8265_8375,n_2338_8460_8610,n_2343_9030_9175,n_1163_9310_9435,s_1068_1083_9740_9940,n_263_10955_11115,n_265_11200_11465,n_1240_12080_12370,n_1213_12430_12570,n_2170_12635_12705,n_2161_12750_12875,
109,0.06756756756756055,n_325_7800_7880,n_285_7940_8020,n_241_8100_8205,n_1282_8265_8375,n_2338_8460_8610,n_2343_9030_9175,n_891_9260_9425,n_1225_10930_11075,n_1234_11160_11460,n_1240_12080_12370,n_1213_12430_12570,n_2170_12635_12705,n_2161_12750_12875,
114,0.3243243243243088,n_2362_7690_7810,n_1535_7900_8035,n_1542_8100_8235,n_1533_8280_8425,n_1538_8480_8605,n_1130_9135_9225,n_1142_9270_9350,n_1117_9400_9475,n_2199_11085_11165,n_253_11215_11320,n_235_11375_11465,n_957_12150_12235,n_969_12295_12445,n_939_12490_12630,n_1022_12690_12780,
114,0.3783783783784096,n_2362_7690_7810,n_1535_7900_8035,n_1542_8100_8235,n_1533_8280_8425,n_1538_8480_8605,n_1130_9135_9225,n_1142_9270_9350,n_1117_9400_9475,n_2199_11080_11160,n_1854_11210_11310,n_1857_11360_11455,n_1277_12020_12150,n_1713_12205_12350,
114,0.20270270270266932,n_2362_7690_7810,n_1535_7900_8035,n_1542_8100_8235,n_1533_8280_8425,n_1538_8480_8605,n_1130_9135_9225,n_1142_9270_9350,n_1117_9400_9475,n_2199_11085_11165,n_1469_11215_11415,n_1465_11715_11895,n_1277_12020_12150,n_1713_12205_12350,
114,0.09459459459461228,n_2362_7690_7810,n_1535_7900_8035,n_1542_8100_8235,n_1533_8280_8425,n_1538_8480_8605,n_1130_9135_9225,n_1142_9270_9350,n_1117_9400_9475,n_2199_11085_11165,n_1469_11215_11415,n_1465_11715_11895,n_1298_12115_12225,n_1301_12315_12425,n_157_12750_12930,
116,0.6216216216216095,n_1800_7830_7915,n_1804_7990_8105,n_1499_8165_8290,n_1354_8355_8610,n_1376_9120_9400,n_1496_9485_9610,n_341_9955_10010,n_1964_10855_10955,n_1970_11015_11110,n_1436_11160_11310,n_1339_11370_11470,n_296_12110_12195,n_309_12255_12340,n_1462_12420_12515,n_1456_12580_12665,
116,0.25675675675678145,n_1800_7830_7915,n_1804_7990_8105,n_1499_8165_8290,n_1354_8355_8610,n_1376_9120_9400,n_1496_9485_9610,n_2101_10725_10840,n_2106_10885_10995,n_2111_11045_11195,n_1469_11245_11445,n_1465_11715_11895,n_328_12120_12200,n_309_12255_12340,n_1462_12420_12515,n_1456_12580_12665,
116,0.12162162162160906,n_1800_7830_7915,n_1804_7990_8105,n_1499_8165_8290,n_1354_8355_8610,n_1376_9120_9400,n_1496_9485_9610,n_279_10740_10830,n_1943_10895_11055,n_1916_11130_11245,n_2141_11400_11545,n_2082_11905_12080,n_1803_12150_12235,n_1807_12310_12425,n_1502_12485_12610,n_1356_12675_12930,
118,0.540540540540574,n_2360_7855_7980,n_1332_8050_8175,n_1336_8260_8580,n_1304_9180_9475,n_1314_9550_9715,n_2228_10515_10715,n_2231_10780_10965,n_1864_11145_11345,n_1578_11405_11530,n_1524_12000_12110,n_1528_12160_12280,n_2038_12350_12475,n_2041_12520_12680,
118,0.16216216216214452,n_2360_7855_7980,n_1332_8050_8175,n_1336_8260_8580,n_1304_9180_9475,n_1314_9550_9715,n_2228_10515_10715,n_1169_10775_10915,n_1280_11025_11110,n_1109_11160_11245,n_1907_11295_11480,n_1323_12125_12300,n_1331_12360_12440,n_1344_12500_12580,n_1309_12680_12855,
118,0.09459459459458974,n_2360_7855_7980,n_1332_8050_8175,n_1336_8260_8580,n_1304_9180_9475,n_1314_9550_9715,n_1683_10550_10670,n_1685_10745_10835,n_51_10965_11110,n_1109_11160_11245,n_1907_11295_11480,n_1323_12125_12300,n_1331_12360_12440,n_1344_12500_12580,n_1309_12680_12855,
118,0.10810810810822613,n_2360_7855_7980,n_1332_8050_8175,n_1336_8260_8580,n_1304_9180_9475,n_1314_9550_9715,n_2238_10505_10690,n_1063_11050_11135,n_777_11190_11355,n_1861_11405_11520,n_1323_12125_12300,n_1331_12360_12440,n_1344_12500_12580,n_1309_12680_12855,
118,0.06756756756746118,n_2360_7855_7980,n_1332_8050_8175,n_1336_8260_8580,n_1304_9180_9475,n_1314_9550_9715,n_2228_10515_10715,n_489_11060_11140,n_777_11190_11355,n_1861_11405_11520,n_1323_12125_12300,n_1331_12360_12440,n_1344_12500_12580,n_1309_12680_12855,
118,0.027027027027004435,n_2360_7855_7980,n_1332_8050_8175,n_1336_8260_8580,n_1304_9180_9475,n_1314_9550_9715,n_2228_10515_10715,n_2231_10780_10965,n_1864_11145_11345,n_1578_11405_11530,n_1618_12010_12185,n_1628_12250_12425,
120,0.3648648648648284,n_1621_7690_7865,n_1631_7930_8105,n_2128_8275_8415,n_2130_8470_8595,n_2182_9095_9220,n_2174_9280_9535,n_2166_9605_9825,n_2178_9910_10030,n_1523_10560_10670,n_1527_10720_10850,n_2037_10910_11035,n_2040_11110_11280,n_2340_11340_11490,n_2345_11910_12055,n_1298_12115_12225,n_1301_12315_12425,
120,0.21621621621626297,n_1621_7690_7865,n_1631_7930_8105,n_2128_8275_8415,n_2130_8470_8595,n_2182_9095_9220,n_2174_9280_9535,n_2166_9605_9825,n_2178_9910_10030,n_1523_10560_10670,n_1527_10720_10850,n_2037_10910_11035,n_2040_11110_11280,n_2340_11340_11490,n_2345_11910_12055,n_1298_12115_12225,n_1301_12315_12425,n_1407_12530_12645,n_1414_12705_12805,
120,0.29729729729729937,n_1621_7690_7865,n_1631_7930_8105,n_2128_8275_8415,n_2130_8470_8595,n_2182_9095_9220,n_2174_9280_9535,n_2166_9605_9825,n_2178_9910_10030,n_1587_10715_10865,n_489_11040_11120,n_221_11170_11350,n_1746_11405_11565,n_1756_12015_12160,n_1097_12225_12375,n_1058_12425_12570,n_1070_12620_12745,n_1085_12790_12945,
120,0.12162162162160928,n_1621_7690_7865,n_1631_7930_8105,n_2128_8275_8415,n_2130_8470_8595,n_2182_9095_9220,n_2174_9280_9535,n_2166_9605_9825,n_2178_9910_10030,n_1523_10560_10670,n_1527_10720_10850,n_2037_10910_11035,n_2040_11110_11280,n_2340_11340_11490,n_2345_11910_12055,n_328_12120_12200,n_309_12255_12340,n_1682_12430_12560,n_1691_12610_12730,
122,0.5000000000000002,n_1918_7760_7850,n_1920_7910_8080,n_463_8125_8345,n_479_8410_8480,n_1122_8545_8645,n_1004_9310_9400,n_1019_10990_11100,n_1426_11145_11230,n_1397_11280_11430,n_1931_12080_12170,n_1933_12230_12400,n_466_12445_12655,n_482_12730_12800,n_1124_12865_12965,
122,0.3783783783783907,n_1918_7760_7850,n_1920_7910_8080,n_463_8125_8345,n_479_8410_8480,n_1122_8545_8645,n_711_9145_9300,n_697_9595_9705,n_1979_10555_10645,n_1954_10705_10805,n_1964_10855_10955,n_1970_11015_11110,n_1436_11160_11310,n_1397_11370_11520,n_1931_12080_12170,n_1933_12230_12400,n_466_12445_12655,n_482_12730_12800,n_1124_12865_12965,
122,0.08108108108109113,n_1918_7760_7850,n_1920_7910_8080,n_463_8125_8345,n_479_8410_8480,n_1122_8545_8645,n_779_9110_9195,n_787_9255_9400,n_2105_9445_9555,n_279_10740_10830,n_1943_10895_11055,n_1916_11130_11245,n_614_11300_11435,n_622_11500_11655,n_1931_12080_12170,n_1933_12230_12400,n_466_12445_12655,n_482_12730_12800,n_1124_12865_12965,
122,0.04054054054051792,n_1918_7760_7850,n_1920_7910_8080,n_463_8125_8345,n_479_8410_8480,n_1122_8545_8645,n_411_9405_9490,n_420_9550_9690,n_1943_10895_11055,n_1916_11130_11245,n_614_11300_11435,n_622_11500_11655,n_1931_12080_12170,n_1933_12230_12400,n_466_12445_12655,n_482_12730_12800,n_1124_12865_12965,
125,0.6756756756756903,n_2008_7595_7715,n_1996_7775_7945,n_2048_8025_8145,n_2052_8205_8345,n_2139_8520_8665,n_2120_9045_9205,n_2057_9365_9480,n_2061_9525_9640,n_1993_9685_9870,n_2001_9935_10070,n_2010_10475_10595,n_1998_10655_10825,n_2050_10905_11025,n_2054_11085_11225,n_614_11300_11435,n_622_11500_11655,n_2197_11990_12080,n_1929_12255_12405,n_1925_12455_12580,n_1532_12640_12760,n_1520_12810_12925,
125,0.22972972972973005,n_2008_7595_7715,n_1996_7775_7945,n_2048_8025_8145,n_2052_8205_8345,n_2139_8520_8665,n_2120_9045_9205,n_2057_9365_9480,n_2061_9525_9640,n_1993_9685_9870,n_2001_9935_10070,n_2010_10475_10595,n_1998_10655_10825,n_418_10880_11035,n_423_11095_11180,n_716_11340_11525,n_729_11920_12100,n_1537_12220_12355,n_1544_12420_12555,n_1540_12600_12745,n_1541_12800_12925,
125,0.09459459459457964,n_2008_7595_7715,n_1996_7775_7945,n_2048_8025_8145,n_2052_8205_8345,n_2139_8520_8665,n_2120_9045_9205,n_2057_9365_9480,n_2061_9525_9640,n_1993_9685_9870,n_2001_9935_10070,n_2010_10475_10595,n_1998_10655_10825,n_2050_10905_11025,n_2054_11085_11225,n_2141_11400_11545,n_729_11920_12100,n_1537_12220_12355,n_1544_12420_12555,n_1540_12600_12745,n_1541_12800_12925,
127,0.18918918918914018,n_1753_7695_7840,n_1093_7905_8055,n_1055_8105_8250,n_1067_8300_8425,n_1082_8470_8625,n_2207_9270_9390,n_2202_9450_9635,n_2210_9690_9865,n_2212_9925_10060,n_1683_10550_10670,n_1685_10745_10835,n_1696_10900_10995,n_1701_11055_11165,n_581_11315_11480,n_1247_12005_12170,n_1209_12230_12405,n_157_12750_12930,
127,0.33783783783784016,n_1753_7695_7840,n_1093_7905_8055,n_1055_8105_8250,n_1067_8300_8425,n_1082_8470_8625,n_2207_9270_9390,n_2202_9450_9635,n_2210_9690_9865,n_2212_9925_10060,n_1683_10550_10670,n_1685_10745_10835,n_51_10965_11110,n_910_11160_11325,n_1861_11375_11490,n_1323_12125_12300,n_1331_12360_12440,n_1344_12500_12580,n_1309_12680_12855,
127,0.1756756756757154,n_1753_7695_7840,n_1093_7905_8055,n_1055_8105_8250,n_1067_8300_8425,n_1082_8470_8625,n_2207_9270_9390,n_2202_9450_9635,n_2210_9690_9865,n_2212_9925_10060,n_1683_10550_10670,n_1685_10745_10835,n_1696_10900_10995,n_1701_11055_11165,n_581_11315_11480,n_1277_12020_12150,n_1713_12205_12350,
127,0.09459459459459008,n_1753_7695_7840,n_1093_7905_8055,n_1055_8105_8250,n_1067_8300_8425,n_1082_8470_8625,n_2207_9270_9390,n_2202_9450_9635,n_2210_9690_9865,n_2212_9925_10060,n_1683_10550_10670,n_1685_10745_10835,n_1696_10900_10995,n_1701_11055_11165,n_581_11315_11480,n_1247_12005_12170,n_1209_12230_12405,n_1855_12650_12750,n_1858_12800_12895,
127,0.05405405405406305,n_1753_7695_7840,n_1093_7905_8055,n_1055_8105_8250,n_1067_8300_8425,n_1082_8470_8625,n_2207_9270_9390,n_2202_9450_9635,n_2210_9690_9865,n_2212_9925_10060,n_1683_10550_10670,n_1685_10745_10835,n_1696_10900_10995,n_1701_11055_11165,n_581_11315_11480,n_1116_11975_12090,n_1128_12140_12245,n_1066_12315_12520,n_1059_12580_12775,
127,0.09459459459458974,n_1753_7695_7840,n_1093_7905_8055,n_1055_8105_8250,n_1067_8300_8425,n_1082_8470_8625,n_2207_9270_9390,n_2202_9450_9635,n_1895_9865_10090,n_2121_10485_10645,n_771_10695_10840,n_791_10885_11025,n_798_11090_11175,n_716_11340_11525,n_522_11925_12115,n_1066_12315_12520,n_1059_12580_12775,
127,0.054054054054061385,n_1753_7695_7840,n_1093_7905_8055,n_1055_8105_8250,n_1067_8300_8425,n_1082_8470_8625,n_2207_9270_9390,n_2202_9450_9635,n_2210_9690_9865,n_2212_9925_10060,n_1683_10550_10670,n_1685_10745_10835,n_152_10980_11120,n_221_11170_11350,n_1746_11405_11565,n_1216_12005_12090,n_1221_12135_12240,n_1066_12315_12520,n_1059_12580_12775,
128,0.9189189189189139,n_1222_7685_7770,n_1231_7815_7915,n_1866_7995_8095,n_1869_8155_8280,n_2313_8340_8460,n_2319_8530_8620,n_437_9085_9170,n_492_9215_9375,n_2049_9465_9585,n_2053_9645_9785,n_2058_10805_10920,n_2062_10965_11080,n_1994_11125_11310,n_2002_11375_11510,n_2011_11915_12035,n_1999_12095_12265,n_2051_12345_12465,n_2055_12525_12665,n_2142_12840_12985,
128,0.08108108108108614,n_1222_7685_7770,n_1231_7815_7915,n_1866_7995_8095,n_1869_8155_8280,n_2313_8340_8460,n_2319_8530_8620,n_437_9085_9170,n_492_9215_9375,n_2049_9465_9585,n_2053_9645_9785,n_2140_9960_10105,n_2121_10485_10645,n_2058_10805_10920,n_2062_10965_11080,n_1994_11125_11310,n_2002_11375_11510,n_2011_11915_12035,n_1999_12095_12265,n_2051_12345_12465,n_2055_12525_12665,n_2142_12840_12985,
130,0.3513513513513171,n_132_7595_7760,n_1162_7870_7995,n_1178_8040_8160,n_1852_8330_8430,n_1856_8480_8575,n_814_9230_9325,n_769_9385_9545,n_803_9595_9740,n_1728_10200_10345,n_1755_10575_10720,n_263_10945_11105,n_265_11200_11465,n_1358_12055_12315,n_1362_12375_12555,n_1552_12645_12755,n_1554_12800_12895,
130,0.5,n_132_7595_7760,n_1162_7870_7995,n_1178_8040_8160,n_1852_8330_8430,n_1856_8480_8575,n_814_9230_9325,n_769_9385_9545,n_803_9595_9740,n_2183_10535_10660,n_2175_10720_10975,n_2167_11045_11265,n_2179_11350_11470,n_1618_12010_12185,n_1628_12250_12425,
130,0.14864864864868288,n_132_7595_7760,n_1162_7870_7995,n_1178_8040_8160,n_1852_8330_8430,n_1856_8480_8575,n_814_9230_9325,n_769_9385_9545,n_803_9595_9740,n_1728_10200_10345,n_1755_10575_10720,n_263_10950_11110,n_265_11205_11470,n_1358_12055_12315,n_1362_12375_12555,n_1552_12645_12755,n_1554_12800_12895,
131,1.0,n_1981_7735_7870,n_1956_7965_8100,n_2004_8190_8315,n_1988_8405_8545,n_123_9085_9175,n_2103_9410_9515,n_2108_9575_9690,n_2113_9735_9850,n_421_10990_11130,n_513_11175_11345,n_514_11410_11500,n_1244_11930_12040,n_1255_12085_12165,n_93_12225_12375,n_486_12530_12640,n_443_12700_12865,
132,0.5810810810811005,n_1241_7610_7720,n_1252_7765_7845,n_92_7905_8055,n_483_8210_8320,n_440_8380_8545,n_458_9185_9350,n_185_11035_11140,n_485_11190_11300,n_442_11350_11515,n_1936_11960_12165,n_1947_12275_12445,n_1913_12505_12655,n_1910_12720_12915,
132,0.4189189189188995,n_1241_7610_7720,n_1252_7765_7845,n_92_7905_8055,n_483_8210_8320,n_440_8380_8545,n_458_9185_9350,n_441_9820_9985,n_459_10625_10790,n_471_11005_11110,n_485_11160_11270,n_442_11320_11485,n_1936_11960_12165,n_1947_12275_12445,n_1913_12505_12655,n_1910_12720_12915,
133,0.5405405405405239,n_1274_7700_7830,n_8_7875_8005,n_1039_8195_8325,n_1894_8425_8650,n_1883_9055_9320,n_1895_9865_10090,n_2069_10935_11110,n_295_11160_11245,n_300_11295_11380,n_2077_11430_11595,n_1885_11935_12200,n_1002_12260_12380,n_1855_12650_12750,n_1858_12800_12895,
133,0.3378378378378962,n_1274_7700_7830,n_8_7875_8005,n_1039_8195_8325,n_1894_8425_8650,n_1883_9055_9320,n_1001_11010_11130,n_1041_11180_11310,n_1896_11365_11590,n_1885_11935_12200,n_1002_12260_12380,n_1855_12650_12750,n_1858_12800_12895,
133,0.09459459459458974,n_1274_7700_7830,n_8_7875_8005,n_1039_8195_8325,n_1894_8425_8650,n_1883_9055_9320,n_2210_9690_9865,n_2212_9925_10060,n_2228_10515_10715,n_2231_10780_10965,n_1864_11145_11345,n_1578_11405_11530,n_1524_12000_12110,n_1528_12160_12280,n_2038_12350_12475,n_2041_12520_12680,
133,0.013513513513525477,n_1274_7700_7830,n_8_7875_8005,n_1039_8195_8325,n_1894_8425_8650,n_1883_9055_9320,n_1895_10105_10330,n_2069_10935_11110,n_295_11160_11245,n_300_11295_11380,n_2077_11430_11595,n_1885_11935_12200,n_1002_12260_12380,n_1855_12650_12750,n_1858_12800_12895,
133,0.013513513513464304,n_1274_7700_7830,n_8_7875_8005,n_1039_8195_8325,n_1894_8425_8650,n_1883_9055_9320,n_1001_11015_11135,n_656_11205_11290,n_674_11340_11485,n_1885_11935_12200,n_1002_12260_12380,n_1855_12650_12750,n_1858_12800_12895,
134,0.31081081081082995,n_885_7615_7760,n_896_7815_8090,n_912_8155_8405,n_878_8450_8585,n_891_9260_9425,n_2282_9815_9925,n_1284_11145_11255,n_156_11310_11490,n_133_11915_12080,n_337_12250_12400,n_399_12445_12560,n_362_12605_12725,n_369_12780_12925,
134,0.25675675675678145,n_885_7615_7760,n_896_7815_8090,n_912_8155_8405,n_878_8450_8585,n_1296_9235_9345,n_1176_10675_10835,n_1188_10895_11045,n_1029_11095_11255,n_988_11315_11455,n_118_12080_12195,n_337_12250_12400,n_399_12445_12560,n_362_12605_12725,n_369_12780_12925,
134,0.2972972972972816,n_885_7615_7760,n_896_7815_8090,n_912_8155_8405,n_878_8450_8585,n_282_9110_9310,n_302_9640_9740,n_2101_10725_10840,n_2106_10885_10995,n_2111_11060_11210,n_156_11310_11490,n_133_11915_12080,n_337_12250_12400,n_399_12445_12560,n_362_12605_12725,n_369_12780_12925,
134,0.06756756756756055,n_885_7615_7760,n_896_7815_8090,n_912_8155_8405,n_878_8450_8585,n_1040_9590_9720,n_1895_10105_10330,n_2069_10930_11105,n_295_11155_11240,n_287_11300_11380,n_156_11430_11610,n_133_11915_12080,n_337_12250_12400,n_399_12445_12560,n_362_12605_12725,n_369_12780_12925,
134,0.06756756756754645,n_885_7615_7760,n_896_7815_8090,n_912_8155_8405,n_878_8450_8585,n_1242_9050_9160,n_1253_9205_9285,n_1889_10580_10710,n_1188_10895_11045,n_1029_11095_11255,n_988_11315_11455,n_118_12080_12195,n_337_12250_12400,n_399_12445_12560,n_362_12605_12725,n_369_12780_12925,
135,0.4324324324324254,n_837_7705_8020,n_1372_8090_8305,n_1388_8375_8595,n_868_9115_9280,n_820_9345_9415,n_834_9460_9530,n_821_10785_10855,n_835_10900_10970,n_845_11030_11185,n_1512_11240_11350,n_1508_11395_11505,n_18_11970_12145,n_58_12220_12385,n_911_12565_12730,n_888_12795_12965,
135,0.22972972972973893,n_837_7705_8020,n_1372_8090_8305,n_1388_8375_8595,n_868_9115_9280,n_820_9345_9415,n_834_9460_9530,n_1225_10930_11075,n_1234_11160_11460,n_1240_12080_12370,n_1213_12430_12570,n_2170_12635_12705,n_2161_12750_12875,
135,0.12162162162163764,n_837_7705_8020,n_1372_8090_8305,n_1388_8375_8595,n_868_9115_9280,n_820_9345_9415,n_834_9460_9530,n_2282_9815_9925,n_416_10695_10835,n_418_10880_11035,n_423_11095_11180,n_1512_11240_11350,n_1508_11395_11505,n_18_11970_12145,n_58_12220_12385,n_911_12565_12730,n_888_12795_12965,
135,0.12162162162161438,n_837_7705_8020,n_1372_8090_8305,n_1388_8375_8595,n_868_9115_9280,n_820_9345_9415,n_834_9460_9530,n_1225_10930_11075,n_1234_11160_11460,n_1240_12080_12370,n_1213_12430_12570,n_2280_12695_12805,n_2281_12865_12955,
135,0.09459459459458319,n_837_7705_8020,n_1372_8090_8305,n_1388_8375_8595,n_868_9115_9280,n_820_9345_9415,n_834_9460_9530,n_2282_9815_9925,n_416_10695_10835,n_418_10880_11035,n_423_11095_11180,n_1593_11225_11350,n_1581_11395_11515,n_18_11970_12145,n_58_12220_12385,n_911_12565_12730,n_888_12795_12965,
137,0.24324324324326574,n_1680_7670_7790,n_1684_7865_7955,n_1695_8020_8115,n_1700_8175_8285,n_1744_8345_8505,n_1754_9135_9280,n_1863_9705_9905,n_1091_11020_11110,n_1109_11160_11245,n_1907_11295_11480,n_2209_12150_12270,n_2204_12330_12515,n_2221_12570_12745,n_2223_12805_12940,
137,0.4189189189189829,n_1680_7670_7790,n_1684_7865_7955,n_1695_8020_8115,n_1700_8175_8285,n_1744_8345_8505,n_1754_9135_9280,s_628_640_10525_10755,n_603_11055_11165,n_620_11215_11390,n_2209_12150_12270,n_2204_12330_12515,n_2221_12570_12745,n_2223_12805_12940,
137,0.16216216216216905,n_1680_7670_7790,n_1684_7865_7955,n_1695_8020_8115,n_1700_8175_8285,n_1744_8345_8505,n_1754_9135_9280,n_1863_9705_9905,n_1169_10775_10915,n_274_11025_11110,n_910_11160_11325,n_1861_11375_11490,n_2209_12150_12270,n_2204_12330_12515,n_2221_12570_12745,n_2223_12805_12940,
137,0.054054054054033074,n_1680_7670_7790,n_1684_7865_7955,n_1695_8020_8115,n_1700_8175_8285,n_1744_8345_8505,n_1754_9135_9280,n_1863_9705_9905,n_1091_11020_11110,n_910_11160_11325,n_1861_11375_11490,n_2209_12150_12270,n_2204_12330_12515,n_2221_12570_12745,n_2223_12805_12940,
137,0.08108108108101708,n_1680_7670_7790,n_1684_7865_7955,n_1695_8020_8115,n_1700_8175_8285,n_1744_8345_8505,n_1754_9135_9280,s_628_640_10525_10755,n_603_11070_11180,n_620_11235_11410,n_2209_12150_12270,n_2204_12330_12515,n_2221_12570_12745,n_2223_12805_12940,
137,0.04054054054053213,n_1680_7670_7790,n_1684_7865_7955,n_1695_8020_8115,n_1700_8175_8285,n_1744_8345_8505,n_1754_9135_9280,n_1863_9705_9905,n_2231_10780_10965,n_1864_11145_11345,n_1578_11405_11530,n_1524_12000_12110,n_1528_12160_12280,n_2038_12350_12475,n_2041_12520_12680,n_157_12750_12930,
142,0.5405405405405184,n_2026_7680_7805,n_2032_7865_8020,n_2021_8065_8255,n_2022_8315_8430,n_779_9110_9195,n_787_9255_9400,n_2105_9445_9555,n_279_10740_10830,n_377_10925_11145,n_656_11205_11290,n_674_11340_11485,n_2122_11925_12085,n_2059_12245_12360,n_2063_12405_12520,n_1995_12565_12750,n_2003_12815_12950,
142,0.3783783783783905,n_2026_7680_7805,n_2032_7865_8020,n_2021_8065_8255,n_2022_8315_8430,n_779_9110_9195,n_787_9255_9400,n_2105_9445_9555,n_341_9955_10010,n_374_10605_10675,n_378_10975_11125,n_656_11175_11260,n_674_11310_11455,n_2122_11925_12085,n_2059_12245_12360,n_2063_12405_12520,n_1995_12565_12750,n_2003_12815_12950,
142,0.08108108108109113,n_2026_7680_7805,n_2032_7865_8020,n_2021_8065_8255,n_2022_8315_8430,n_407_9110_9195,n_415_9255_9395,n_400_9440_9595,n_416_10695_10835,n_2050_10905_11025,n_2054_11085_11225,n_2141_11400_11545,n_2122_11925_12085,n_2059_12245_12360,n_2063_12405_12520,n_1995_12565_12750,n_2003_12815_12950,

