4,0.5000000000002921,n_2206_7830_7950,n_2201_8010_8195,n_2220_8250_8425,n_2222_8485_8620,n_1714_9110_9230,n_1720_9305_9395,n_1706_9460_9555,n_1717_9615_9730,n_2238_10505_10690,n_1019_11005_11115,n_1057_11165_11310,n_1069_11360_11485,n_1084_11530_11685,n_1715_11990_12110,n_1721_12185_12275,n_1707_12340_12435,n_1718_12495_12610,n_1747_12665_12825,
4,0.2500000000002971,n_2206_7830_7950,n_2201_8010_8195,n_2220_8250_8425,n_2222_8485_8620,n_1714_9110_9230,n_1720_9305_9395,n_1706_9460_9555,n_1717_9615_9730,n_1745_10205_10365,n_1214_10565_10650,n_1215_11050_11150,n_620_11200_11375,n_1715_11990_12110,n_1721_12185_12275,n_1707_12340_12435,n_1718_12495_12610,n_1747_12665_12825,
4,0.24999999999919154,n_2206_7830_7950,n_2201_8010_8195,n_2220_8250_8425,n_2222_8485_8620,n_1714_9110_9230,n_1720_9305_9395,n_1706_9460_9555,n_1717_9615_9730,n_2238_10505_10690,n_1019_11005_11115,n_1057_11160_11305,n_1069_11360_11485,n_1084_11530_11685,n_1715_11990_12110,n_1721_12185_12275,n_1707_12340_12435,n_1718_12495_12610,n_1747_12665_12825,
6,0.2500000000000564,n_1477_7685_7775,n_852_7835_8090,n_879_8150_8410,n_1481_8470_8560,n_1692_9105_9250,n_6_9315_9445,n_199_9510_9615,n_1176_10675_10835,n_489_11055_11135,n_314_11190_11265,n_333_11325_11405,n_247_12090_12285,n_239_12380_12570,n_315_12630_12705,n_323_12765_12845,
6,0.249999999999446,n_1477_7685_7775,n_852_7835_8090,n_879_8150_8410,n_1481_8470_8560,n_1692_9105_9250,n_6_9315_9445,n_655_9590_9675,n_673_9840_9985,n_1884_10495_10760,n_1133_10965_11105,n_1136_11170_11260,n_1063_11310_11395,n_247_12090_12285,n_239_12380_12570,n_315_12630_12705,n_323_12765_12845,
6,0.2499999999995417,n_1477_7685_7775,n_852_7835_8090,n_879_8150_8410,n_1481_8470_8560,n_1692_9105_9250,n_6_9315_9445,n_655_9590_9675,n_673_9840_9985,n_2069_10930_11105,n_295_11155_11240,n_287_11300_11380,n_247_12090_12285,n_239_12380_12570,n_315_12630_12705,n_323_12765_12845,
6,0.2499999999999436,n_1477_7685_7775,n_852_7835_8090,n_879_8150_8410,n_1481_8470_8560,n_1692_9105_9250,n_6_9315_9445,n_199_9510_9615,n_1176_10675_10835,n_489_11045_11125,n_1469_11175_11375,n_1465_11715_11895,n_247_12090_12285,n_239_12380_12570,n_315_12630_12705,n_323_12765_12845,
7,0.49999999999981615,n_436_7645_7730,n_491_7775_7935,n_448_7995_8160,n_450_8205_8290,n_1034_8345_8430,n_997_8520_8600,n_43_9075_9170,n_63_9250_9345,n_48_9390_9495,n_1763_10695_10780,n_152_11005_11145,n_314_11195_11270,n_333_11325_11405,n_1046_12240_12325,n_1074_12390_12480,n_1403_12610_12920,
7,0.250000000000159,n_436_7645_7730,n_491_7775_7935,n_448_7995_8160,n_450_8205_8290,n_1034_8345_8430,n_997_8520_8600,n_43_9075_9170,n_63_9250_9345,n_48_9390_9495,n_1436_11070_11220,n_1397_11280_11430,n_2197_11990_12080,n_1929_12255_12405,n_1925_12455_12580,n_1532_12640_12760,n_1520_12810_12925,
7,0.2499999999997767,n_436_7645_7730,n_491_7775_7935,n_448_7995_8160,n_450_8205_8290,n_1034_8345_8430,n_997_8520_8600,n_43_9075_9170,n_63_9250_9345,n_48_9390_9495,n_1979_10555_10645,n_1954_10705_10805,n_1964_10855_10955,n_1970_11015_11110,n_614_11210_11345,n_555_11415_11595,n_1601_11940_12025,n_1611_12070_12165,n_1492_12210_12375,n_1493_12435_12600,
9,0.5000000000000635,n_457_7745_7910,n_469_7980_8085,n_654_8255_8340,n_672_8400_8545,n_694_9050_9205,n_665_9275_9370,n_1228_9480_9605,n_102_10965_11100,n_1426_11145_11230,n_1397_11280_11430,n_2197_11990_12080,n_1929_12255_12405,n_1925_12455_12580,n_1532_12640_12760,n_1520_12810_12925,
9,0.4999999999999365,n_457_7745_7910,n_469_7980_8085,n_654_8255_8340,n_672_8400_8545,n_694_9050_9205,n_665_9275_9370,n_1065_9435_9640,n_1064_11095_11295,n_78_11345_11495,n_1890_12020_12150,n_1170_12215_12355,n_272_12440_12550,n_1403_12610_12920,
10,0.5000000000000635,n_1425_7740_7825,n_1431_7885_7990,n_1270_8065_8150,n_1027_8215_8375,n_986_8435_8575,n_139_9200_9315,n_1065_9435_9640,n_1064_11095_11295,n_78_11345_11495,n_1216_12005_12090,n_1221_12135_12240,n_549_12300_12400,n_508_12460_12560,n_511_12630_12730,n_584_12790_12895,
10,0.25000000000019584,n_1425_7740_7825,n_1431_7885_7990,n_1270_8065_8150,n_1027_8215_8375,n_986_8435_8575,n_139_9200_9315,n_501_9380_9490,n_512_9540_9680,n_1939_10890_11025,n_1950_11100_11240,n_1670_11325_11470,n_1294_11930_12025,n_1257_12080_12170,n_549_12300_12400,n_508_12460_12560,n_511_12630_12730,n_584_12790_12895,
10,0.24999999999974065,n_1425_7740_7825,n_1431_7885_7990,n_1270_8065_8150,n_1027_8215_8375,n_986_8435_8575,n_139_9200_9315,n_501_9380_9490,n_512_9540_9680,n_1939_10890_11025,n_1950_11100_11240,n_99_11325_11475,n_1294_11930_12025,n_1257_12080_12170,n_549_12300_12400,n_508_12460_12560,n_511_12630_12730,n_584_12790_12895,
13,0.7499999999999256,n_1547_7695_7795,n_1549_7845_7955,n_1015_8020_8195,n_1023_8255_8520,n_106_9200_9470,n_108_9550_9690,n_1333_10985_11110,n_1337_11160_11480,n_1305_12060_12360,n_1315_12430_12595,
13,0.2500000000000744,n_1547_7695_7795,n_1549_7845_7955,n_1015_8020_8195,n_1023_8255_8520,n_106_9200_9470,n_108_9550_9690,n_1333_10980_11105,n_1337_11155_11475,n_1305_12060_12360,n_1315_12430_12595,
14,0.7499999999999102,n_566_7730_7900,n_262_8045_8205,n_264_8265_8530,n_1357_9175_9435,n_1361_9495_9675,n_1551_9765_9875,n_1550_10725_10835,n_2020_11005_11125,n_2024_11190_11295,n_2077_11370_11535,n_729_11920_12100,n_957_12150_12235,n_969_12295_12445,n_939_12490_12630,n_1022_12690_12780,
14,0.2500000000000898,n_566_7730_7900,n_262_8045_8205,n_264_8265_8530,n_1357_9175_9435,n_1361_9495_9675,n_1551_9765_9875,n_1550_10725_10835,n_2020_11005_11125,n_2024_11190_11295,n_1786_11370_11460,n_118_12080_12195,n_2159_12305_12440,n_2162_12490_12560,n_2170_12635_12705,n_2161_12750_12875,
15,0.7499999999993843,n_289_7740_7915,n_543_7980_8080,n_506_8140_8240,n_509_8310_8410,n_582_8470_8575,n_147_9060_9170,n_1175_9235_9395,n_1187_9455_9605,n_274_11040_11125,n_1446_11175_11510,n_838_12025_12340,n_1273_12385_12470,n_1030_12535_12695,n_989_12755_12895,
15,0.25000000000061573,n_289_7740_7915,n_543_7980_8080,n_506_8140_8240,n_509_8310_8410,n_582_8470_8575,n_147_9060_9170,n_1175_9235_9395,n_1187_9455_9605,n_274_11020_11105,n_1446_11155_11490,n_838_12025_12340,n_1273_12385_12470,n_1030_12535_12695,n_989_12755_12895,
18,0.5000000000002937,n_245_7770_7970,n_237_8030_8230,n_1400_8290_8600,n_1418_8670_9010,n_326_9240_9320,n_286_9380_9460,n_531_9590_9645,n_1562_10190_10335,n_2069_10925_11100,n_1448_11150_11300,n_762_11360_11495,n_671_11970_12055,n_687_12115_12245,n_705_12305_12425,n_663_12485_12575,n_395_12635_12790,n_342_12835_12890,
18,0.24999999999958256,n_245_7770_7970,n_237_8030_8230,n_1400_8290_8600,n_1418_8670_9010,n_326_9240_9320,n_286_9380_9460,n_1040_9595_9725,n_1895_10105_10330,n_2069_10925_11100,n_1448_11150_11300,n_762_11360_11495,n_671_11970_12055,n_687_12115_12245,n_705_12305_12425,n_663_12485_12575,n_395_12635_12790,n_342_12835_12890,
18,0.2499999999998509,n_245_7770_7970,n_237_8030_8230,n_1400_8290_8600,n_1418_8670_9010,n_326_9240_9320,n_286_9380_9460,n_1853_9600_9700,n_1254_10645_10725,n_1766_10865_10955,n_1773_11020_11105,n_1448_11155_11305,n_762_11360_11495,n_671_11970_12055,n_687_12115_12245,n_705_12305_12425,n_663_12485_12575,n_395_12635_12790,n_342_12835_12890,
19,0.500000000000085,n_984_7760_8015,n_991_8075_8245,n_1557_8325_8435,n_1560_8480_8575,n_166_9105_9215,n_184_9290_9395,n_242_9540_9645,n_507_11020_11120,n_510_11190_11290,n_583_11350_11455,n_168_11985_12095,n_186_12170_12275,n_535_12335_12390,n_299_12450_12545,n_304_12605_12705,n_1563_12830_12975,
19,0.49999999999991496,n_984_7760_8015,n_991_8075_8245,n_1557_8325_8435,n_1560_8480_8575,n_166_9105_9215,n_184_9290_9395,n_1228_9480_9605,n_1758_10985_11105,n_295_11155_11240,n_287_11300_11380,n_168_11985_12095,n_186_12170_12275,n_535_12335_12390,n_299_12450_12545,n_304_12605_12705,n_1563_12830_12975,
21,0.7500000000002125,n_427_8215_9010,n_526_9300_9470,n_644_9560_9760,n_631_9820_10025,n_587_10950_11130,n_461_11385_11955,n_468_12075_12660,
21,0.2499999999997875,n_427_8215_9010,n_526_9300_9470,n_644_9560_9760,n_631_9820_10025,n_587_10945_11125,n_461_11385_11955,n_468_12075_12660,
22,1.0,n_467_7755_8340,n_502_9360_9540,n_790_10595_10735,n_720_10795_10930,n_557_11020_11205,n_297_11400_11955,n_385_12080_12655,n_344_12820_13540,
30,0.2500000000001922,n_9_7685_7860,n_1_7940_8110,n_1602_8190_8275,n_223_8340_8460,n_203_9175_9280,n_217_9340_9450,n_199_9510_9615,n_271_11020_11130,n_1152_11185_11275,n_1172_11325_11415,n_138_12185_12345,n_153_12420_12560,n_68_12620_12745,n_38_12795_12910,
30,0.49999999999999994,n_9_7685_7860,n_1_7940_8110,n_1602_8190_8275,n_223_8340_8460,n_203_9175_9280,n_217_9340_9450,n_2214_9500_9595,n_1143_10710_10790,n_1103_10840_10915,n_1112_11035_11125,n_995_11175_11270,n_1172_11325_11415,n_138_12185_12345,n_153_12420_12560,n_68_12620_12745,n_38_12795_12910,
30,0.24999999999980782,n_9_7685_7860,n_1_7940_8110,n_1602_8190_8275,n_223_8340_8460,n_203_9175_9280,n_217_9340_9450,n_199_9510_9615,n_271_11025_11135,n_1152_11185_11275,n_1172_11325_11415,n_138_12185_12345,n_153_12420_12560,n_68_12620_12745,n_38_12795_12910,
33,0.2500000000002413,n_34_7850_8000,n_49_8070_8215,n_1759_8265_8405,n_1783_8470_8605,n_1052_9120_9215,n_1089_9295_9395,n_994_9600_9695,n_1080_11005_11105,n_128_11155_11305,n_134_11355_11495,n_1054_12000_12095,n_1081_12175_12275,n_129_12345_12495,n_142_12555_12695,n_717_12780_12965,
33,0.25000000000009326,n_34_7850_8000,n_49_8070_8215,n_1759_8265_8405,n_1783_8470_8605,n_1052_9120_9215,n_1089_9295_9395,n_1271_9505_9590,n_271_11025_11135,n_1152_11185_11275,n_1009_11325_11435,n_1054_12000_12095,n_1081_12175_12275,n_129_12345_12495,n_142_12555_12695,n_717_12780_12965,
33,0.24999999999971606,n_34_7850_8000,n_49_8070_8215,n_1759_8265_8405,n_1783_8470_8605,n_1052_9120_9215,n_1089_9295_9395,n_909_9595_9760,n_876_10955_11125,n_1152_11180_11270,n_1009_11325_11435,n_1054_12000_12095,n_1081_12175_12275,n_129_12345_12495,n_142_12555_12695,n_717_12780_12965,
33,0.24999999999975864,n_34_7850_8000,n_49_8070_8215,n_1759_8265_8405,n_1783_8470_8605,n_1004_9310_9400,n_1080_11005_11105,n_128_11155_11305,n_134_11355_11495,n_1054_12000_12095,n_1081_12175_12275,n_129_12345_12495,n_142_12555_12695,n_717_12780_12965,
35,0.5000000000003398,n_847_7895_8035,n_858_8095_8230,n_817_8275_8385,n_823_8445_8580,n_610_9170_9405,n_689_10915_11165,n_1036_11225_11310,n_990_11400_11480,n_1014_11940_12035,n_1026_12100_12190,n_381_12260_12385,n_352_12430_12560,n_364_12610_12755,n_435_12800_12930,
35,0.49999999999966016,n_847_7895_8035,n_858_8095_8230,n_817_8275_8385,n_823_8445_8580,n_610_9170_9405,n_1443_10915_11145,n_1428_11190_11270,n_1413_11325_11425,n_1014_11940_12035,n_1026_12100_12190,n_381_12260_12385,n_352_12430_12560,n_364_12610_12755,n_435_12800_12930,
36,0.500000000000621,n_122_7645_7735,n_862_7865_7965,n_826_8035_8165,n_899_8220_8340,n_914_8400_8495,n_1809_9180_9315,n_353_10745_10810,n_360_10870_10940,n_361_10995_11125,n_1428_11185_11265,n_1413_11325_11425,n_1116_11975_12090,n_1128_12140_12245,n_1197_12355_12560,n_1182_12620_12820,
36,0.49999999999925004,n_122_7645_7735,n_862_7865_7965,n_826_8035_8165,n_899_8220_8340,n_914_8400_8495,n_1809_9180_9315,n_897_10695_10970,n_913_11035_11285,n_881_11330_11465,n_1116_11975_12090,n_1128_12140_12245,n_1197_12355_12560,n_1182_12620_12820,
37,0.7499999999998042,n_1075_7645_7725,n_487_7785_7865,n_444_7925_8135,n_301_8200_8300,n_310_8360_8490,n_1271_9505_9590,n_1200_10925_11070,n_1892_11140_11275,n_1670_11325_11470,n_2042_11945_12110,n_2043_12170_12280,n_1940_12330_12465,n_1951_12540_12680,n_1850_12775_12920,
37,0.25000000000009326,n_1075_7645_7725,n_487_7785_7865,n_444_7925_8135,n_301_8200_8300,n_310_8360_8490,n_1004_9310_9400,n_1063_11025_11110,n_1229_11160_11285,n_1261_11335_11460,n_2042_11945_12110,n_2043_12170_12280,n_1940_12330_12465,n_1951_12540_12680,n_1850_12775_12920,
42,1.0,n_866_7715_7885,n_874_7950_8120,n_775_8190_8355,n_799_8415_8585,n_1012_9060_9155,n_1038_9220_9310,n_1044_9360_9445,n_2218_10755_10945,n_2172_11140_11260,n_793_11355_11525,n_1569_11995_12095,n_1572_12155_12240,n_1749_12305_12415,n_1752_12470_12580,n_1726_12645_12745,n_1731_12805_12895,
43,0.5,n_1114_7655_7770,n_1126_7820_7925,n_1748_7985_8095,n_1751_8150_8260,n_1734_8325_8425,n_1742_8485_8580,n_1115_9095_9210,n_1127_9260_9365,n_2214_9500_9595,n_1143_10710_10790,n_1103_10840_10915,n_1112_11010_11100,n_128_11155_11305,n_134_11355_11495,n_89_12050_12185,n_103_12235_12370,n_72_12475_12665,n_85_12735_12900,
43,0.2500000000000595,n_1114_7655_7770,n_1126_7820_7925,n_1748_7985_8095,n_1751_8150_8260,n_1734_8325_8425,n_1742_8485_8580,n_1115_9095_9210,n_1127_9260_9365,n_776_9595_9760,n_2163_11195_11265,n_2164_11310_11435,n_75_11950_12110,n_81_12175_12340,n_1203_12390_12535,n_1250_12595_12740,
43,0.2499999999999405,n_1114_7655_7770,n_1126_7820_7925,n_1748_7985_8095,n_1751_8150_8260,n_1734_8325_8425,n_1742_8485_8580,n_1115_9095_9210,n_1127_9260_9365,n_2262_9420_9520,n_2264_9575_9680,n_2163_11195_11265,n_2164_11310_11435,n_75_11950_12110,n_81_12175_12340,n_1203_12390_12535,n_1250_12595_12740,
44,0.5,n_1118_7690_7830,n_1139_7900_8040,n_70_8155_8345,n_83_8415_8580,n_1004_9310_9400,n_1080_11030_11130,n_995_11180_11275,n_1009_11325_11435,n_89_12050_12185,n_103_12235_12370,n_72_12475_12665,n_85_12735_12900,
44,0.25000000000024136,n_1118_7690_7830,n_1139_7900_8040,n_70_8155_8345,n_83_8415_8580,n_868_9115_9280,n_820_9345_9415,n_834_9460_9530,n_2163_11195_11265,n_2164_11310_11435,n_75_11950_12110,n_81_12175_12340,n_1203_12390_12535,n_1250_12595_12740,
44,0.24999999999975864,n_1118_7690_7830,n_1139_7900_8040,n_70_8155_8345,n_83_8415_8580,n_1052_9120_9215,n_1089_9295_9395,n_909_9600_9765,n_2163_11195_11265,n_2164_11310_11435,n_75_11950_12110,n_81_12175_12340,n_1203_12390_12535,n_1250_12595_12740,
46,1.0,n_86_7730_7865,n_100_7915_8050,n_1515_8110_8210,n_1514_8270_8365,n_1119_9130_9270,n_1138_9340_9480,n_1135_9535_9625,n_1876_11025_11100,n_1461_11150_11245,n_1513_11330_11425,n_929_12200_12300,n_949_12360_12500,n_974_12545_12670,n_981_12730_12820,
50,0.2500000000000595,n_15_7650_7825,n_1155_7895_8060,n_1151_8150_8240,n_1171_8325_8415,n_501_9380_9490,n_512_9540_9680,n_459_10625_10790,n_471_11000_11105,n_194_11155_11260,n_1280_11310_11395,n_2357_11960_12060,n_2354_12090_12210,n_2355_12330_12510,n_2358_12600_12720,
50,0.49999999999978395,n_15_7650_7825,n_1155_7895_8060,n_1151_8150_8240,n_1171_8325_8415,n_1196_9475_9680,n_1505_11185_11365,n_2357_11960_12060,n_2354_12090_12210,n_2355_12330_12510,n_2358_12600_12720,
50,0.24999999999997602,n_15_7650_7825,n_1155_7895_8060,n_1151_8150_8240,n_1171_8325_8415,n_501_9380_9490,n_512_9540_9680,n_459_10625_10790,n_471_11035_11140,n_777_11200_11365,n_884_11415_11585,n_2357_11960_12060,n_2354_12090_12210,n_2355_12330_12510,n_2358_12600_12720,
51,0.7499999999998923,n_1902_7770_7855,n_1874_7915_7990,n_1681_8110_8240,n_1690_8290_8410,n_1597_9070_9155,n_1606_9205_9300,n_1812_9390_9490,n_1823_11010_11110,n_1786_11250_11340,n_1793_11400_11500,n_2156_12010_12135,n_2149_12195_12310,n_2286_12385_12485,n_2293_12545_12670,
51,0.2500000000001077,n_1902_7770_7855,n_1874_7915_7990,n_1681_8110_8240,n_1690_8290_8410,n_1597_9070_9155,n_1606_9205_9300,n_1812_9390_9490,n_1200_10925_11070,n_1892_11140_11275,n_1846_11335_11480,n_2156_12010_12135,n_2149_12195_12310,n_2286_12385_12485,n_2293_12545_12670,
52,0.5000000000002072,n_1598_7620_7705,n_1615_7750_7845,n_592_7995_8175,n_563_8235_8415,n_1903_9210_9295,n_1875_9355_9430,n_2071_9600_9705,n_2073_9965_10085,n_2079_10535_10655,n_2067_11020_11115,n_2072_11240_11345,n_2074_11405_11525,n_2239_11945_12130,n_2219_12195_12385,n_1865_12585_12785,n_1579_12845_12970,
52,0.24999999999997047,n_1598_7620_7705,n_1615_7750_7845,n_592_7995_8175,n_563_8235_8415,n_1903_9210_9295,n_1875_9355_9430,n_2071_9600_9705,n_2073_9965_10085,n_2228_10515_10715,n_1169_10775_10915,n_1823_11015_11115,n_2072_11240_11345,n_2074_11405_11525,n_2239_11945_12130,n_2219_12195_12385,n_1865_12585_12785,n_1579_12845_12970,
52,0.24999999999982234,n_1598_7620_7705,n_1615_7750_7845,n_592_7995_8175,n_563_8235_8415,n_1903_9210_9295,n_1875_9355_9430,n_2071_9600_9705,n_2073_9965_10085,n_1745_10205_10365,n_1766_10865_10955,n_1773_11025_11110,n_2072_11240_11345,n_2074_11405_11525,n_2239_11945_12130,n_2219_12195_12385,n_1865_12585_12785,n_1579_12845_12970,
56,0.49999999999981215,n_202_7735_7840,n_214_7900_8010,n_1649_8110_8260,n_1669_8325_8470,n_1296_9235_9345,n_1300_11020_11130,n_194_11180_11285,n_222_11340_11460,n_1298_12115_12225,n_1301_12315_12425,n_1150_12610_12740,n_1101_12785_12900,
56,0.24999999999966538,n_202_7735_7840,n_214_7900_8010,n_1649_8110_8260,n_1669_8325_8470,n_1296_9235_9345,n_1300_11010_11120,n_194_11180_11285,n_222_11340_11460,n_1298_12115_12225,n_1301_12315_12425,
56,0.24999999999996048,n_202_7735_7840,n_214_7900_8010,n_1649_8110_8260,n_1669_8325_8470,n_1296_9235_9345,n_1029_11095_11255,n_988_11315_11455,n_118_12080_12195,n_337_12250_12400,n_399_12445_12560,n_362_12605_12725,n_369_12780_12925,
59,1.0,n_1415_7725_7825,n_1430_7885_7970,n_198_8070_8175,n_189_8240_8350,n_4_8460_8625,n_14_9125_9285,n_1867_9435_9535,n_1870_9595_9720,n_2314_9780_9900,n_1871_11035_11160,n_2315_11220_11340,n_2321_11410_11500,n_2356_11980_12030,n_2352_12060_12240,n_2353_12330_12510,
62,0.25000000000016553,n_2244_7625_7760,n_2240_7825_7950,n_2316_8015_8155,n_2304_8215_8305,n_2307_8350_8430,n_2310_8495_8625,n_1522_9120_9230,n_1526_9280_9400,n_1938_9450_9585,n_1949_9660_9800,n_51_10955_11100,n_1497_11155_11280,n_1796_11350_11455,n_1799_11530_11610,n_1905_12090_12175,n_1877_12235_12310,n_1682_12430_12560,n_1691_12610_12730,
62,0.2500000000004028,n_2244_7625_7760,n_2240_7825_7950,n_2316_8015_8155,n_2304_8215_8305,n_2307_8350_8430,n_2310_8495_8625,n_1522_9120_9230,n_1526_9280_9400,n_1938_9450_9585,n_1949_9660_9800,n_1766_10865_10955,n_1773_11025_11110,n_1646_11160_11330,n_1679_11410_11575,n_1905_12090_12175,n_1877_12235_12310,n_1682_12430_12560,n_1691_12610_12730,
62,0.2499999999999346,n_2244_7625_7760,n_2240_7825_7950,n_2316_8015_8155,n_2304_8215_8305,n_2307_8350_8430,n_2310_8495_8625,n_1522_9120_9230,n_1526_9280_9400,n_1938_9450_9585,n_1949_9660_9800,n_1214_10565_10650,n_1215_11010_11110,n_1229_11160_11285,n_1261_11335_11460,n_767_12010_12140,n_783_12200_12310,n_840_12360_12460,n_842_12530_12665,n_157_12750_12930,
62,0.24999999999923384,n_2244_7625_7760,n_2240_7825_7950,n_2316_8015_8155,n_2304_8215_8305,n_2307_8350_8430,n_2310_8495_8625,n_1522_9120_9230,n_1526_9280_9400,n_1938_9450_9585,n_1949_9660_9800,n_51_10960_11105,n_1497_11155_11280,n_1796_11350_11455,n_1799_11530_11610,n_1905_12090_12175,n_1877_12235_12310,n_1682_12430_12560,n_1691_12610_12730,
63,0.7500000000000008,n_627_7645_7815,n_639_7875_7985,n_602_8035_8145,n_619_8205_8380,n_2078_9095_9215,n_2066_9275_9370,n_593_9435_9615,n_695_10490_10645,n_1607_11010_11105,n_1260_11155_11250,n_1433_11305_11410,n_870_11995_12160,n_822_12225_12295,n_836_12340_12410,n_846_12470_12625,
63,0.24999999999999922,n_627_7645_7815,n_639_7875_7985,n_602_8035_8145,n_619_8205_8380,n_2078_9095_9215,n_2066_9275_9370,n_593_9435_9615,n_695_10490_10645,n_666_11010_11105,n_200_11155_11260,n_1280_11310_11395,n_870_11995_12160,n_822_12225_12295,n_836_12340_12410,n_846_12470_12625,
64,0.999999999999871,n_1564_7595_7745,n_544_7800_7850,n_379_7940_8065,n_345_8110_8240,n_363_8290_8435,n_434_8480_8610,n_282_9110_9310,n_1943_10895_11055,n_1916_11130_11245,n_2141_11400_11545,n_522_11925_12115,n_850_12215_12355,n_861_12415_12550,n_830_12595_12705,n_831_12765_12900,
65,0.5000000000000131,n_2154_7690_7815,n_2147_7875_7990,n_2284_8065_8165,n_2291_8225_8350,n_1839_8405_8565,n_1888_9140_9270,n_1168_9335_9475,n_1176_10675_10835,n_489_11045_11125,n_221_11175_11355,n_1746_11405_11565,n_1890_12020_12150,n_1170_12215_12355,n_219_12425_12510,n_1429_12625_12705,n_1399_12765_12850,
65,0.4999999999999869,n_2154_7690_7815,n_2147_7875_7990,n_2284_8065_8165,n_2291_8225_8350,n_1839_8405_8565,n_1888_9140_9270,n_1168_9335_9475,n_1029_11095_11255,n_988_11315_11455,n_118_12080_12195,n_176_12270_12375,n_219_12425_12510,n_1429_12625_12705,n_1399_12765_12850,
68,0.5000000000000818,n_930_7675_7905,n_931_7965_8055,n_1367_8155_8325,n_1385_8385_8560,n_934_9595_9700,n_951_9845_10105,n_976_10700_10920,n_978_10995_11115,n_910_11175_11340,n_884_11415_11585,n_713_12025_12180,n_724_12225_12380,n_948_12480_12610,n_962_12670_12925,
68,0.2500000000001531,n_930_7675_7905,n_931_7965_8055,n_1367_8155_8325,n_1385_8385_8560,n_934_9595_9700,n_951_9845_10105,n_976_10700_10920,n_978_10995_11115,n_1136_11165_11255,n_1146_11305_11410,n_713_12025_12180,n_724_12225_12380,n_948_12480_12610,n_962_12670_12925,
68,0.24999999999958822,n_930_7675_7905,n_931_7965_8055,n_1367_8155_8325,n_1385_8385_8560,n_934_9595_9700,n_951_9845_10105,n_976_10700_10920,n_978_10995_11115,n_28_11175_11355,n_33_11425_11590,n_713_12025_12180,n_724_12225_12380,n_948_12480_12610,n_962_12670_12925,
69,0.7499999999990827,n_146_7620_7730,n_1174_7795_7955,n_1186_8015_8165,n_1287_8230_8330,n_1076_9085_9165,n_488_9225_9305,n_445_9365_9575,n_517_9735_9905,n_686_10675_10805,n_723_10965_11120,n_947_11170_11300,n_961_11350_11605,n_963_11995_12225,n_965_12285_12375,n_1153_12470_12560,n_1173_12645_12735,
69,0.25000000000091727,n_146_7620_7730,n_1174_7795_7955,n_1186_8015_8165,n_1287_8230_8330,n_1076_9085_9165,n_488_9225_9305,n_445_9365_9575,n_517_9735_9905,n_686_10675_10805,n_723_10965_11120,n_947_11170_11300,n_961_11350_11605,n_963_11995_12225,n_965_12285_12375,n_1153_12470_12560,n_1173_12645_12735,n_79_12785_12935,
70,0.7500000000001661,n_1192_7655_7825,n_56_7900_8065,n_945_8160_8290,n_959_8350_8605,n_932_9260_9480,n_2364_10985_11105,n_1374_11150_11365,n_1387_11435_11655,n_1537_12220_12355,n_1544_12420_12555,n_1540_12600_12745,n_1541_12800_12925,
70,0.2499999999998339,n_1192_7655_7825,n_56_7900_8065,n_945_8160_8290,n_959_8350_8605,n_932_9260_9480,n_2364_10990_11110,n_1374_11155_11370,n_1387_11435_11655,n_1537_12220_12355,n_1544_12420_12555,n_1540_12600_12745,n_1541_12800_12925,
74,1.0,n_726_7600_7780,n_1972_7860_8020,n_1985_8080_8180,n_1966_8230_8330,n_1973_8400_8565,n_411_9405_9490,n_420_9550_9690,n_322_11080_11180,n_324_11240_11370,n_37_12170_12320,n_52_12390_12535,n_1760_12585_12725,n_1768_12790_12925,
75,0.7500000000004283,n_1408_7750_7860,n_1409_7920_8030,n_2064_8240_8365,n_2065_8425_8560,n_1879_9190_9320,n_1898_9395_9525,n_2137_9730_9860,n_2131_9910_10035,n_1587_10715_10865,n_1091_11020_11110,n_1603_11160_11245,n_209_11300_11415,n_1411_12045_12145,n_1424_12205_12300,n_1230_12360_12485,n_1262_12535_12655,
75,0.24999999999933775,n_1408_7750_7860,n_1409_7920_8030,n_2064_8240_8365,n_2065_8425_8560,n_1879_9190_9320,n_1898_9395_9525,n_2137_9730_9860,n_2131_9910_10035,n_1587_10715_10865,n_1091_11025_11115,n_1603_11165_11250,n_209_11300_11415,n_1411_12045_12145,n_1424_12205_12300,n_1230_12360_12485,n_1262_12535_12655,
76,0.5000000000000355,n_1585_7835_7985,n_1090_8050_8140,n_26_8185_8365,n_40_8425_8590,n_407_9110_9195,n_415_9255_9395,n_400_9440_9595,n_507_11020_11120,n_510_11190_11290,n_583_11350_11455,n_767_12010_12140,n_783_12200_12310,n_840_12360_12460,n_842_12530_12665,n_79_12785_12935,
76,0.24999999999999037,n_1585_7835_7985,n_1090_8050_8140,n_26_8185_8365,n_40_8425_8590,n_407_9110_9195,n_415_9255_9395,n_400_9440_9595,n_441_9820_9985,n_459_10625_10790,n_471_11025_11130,n_777_11180_11345,n_1861_11405_11520,n_629_11965_12135,n_641_12195_12305,n_604_12355_12465,n_621_12525_12700,
76,0.2499999999999741,n_1585_7835_7985,n_1090_8050_8140,n_26_8185_8365,n_40_8425_8590,n_407_9110_9195,n_415_9255_9395,n_400_9440_9595,n_441_9820_9985,n_459_10625_10790,n_471_11040_11145,n_620_11200_11375,n_629_11965_12135,n_641_12195_12305,n_604_12355_12465,n_621_12525_12700,
77,0.49999999999967937,n_676_7780_7890,n_690_7970_8090,n_651_8160_8265,n_652_8315_8415,n_495_8490_8660,n_520_9045_9235,n_1853_9600_9700,n_1254_10645_10725,n_1696_10900_10995,n_1701_11055_11165,n_581_11315_11480,n_1815_12055_12195,n_1818_12240_12385,n_778_12510_12675,n_802_12735_12905,
77,0.250000000000172,n_676_7780_7890,n_690_7970_8090,n_651_8160_8265,n_652_8315_8415,n_495_8490_8660,n_520_9045_9235,n_1853_9600_9700,n_1254_10645_10725,n_152_10980_11120,n_243_11170_11275,n_1284_11325_11435,n_1815_12055_12195,n_1818_12240_12385,n_778_12510_12675,n_802_12735_12905,
77,0.25000000000014866,n_676_7780_7890,n_690_7970_8090,n_651_8160_8265,n_652_8315_8415,n_495_8490_8660,n_520_9045_9235,n_1163_9310_9435,n_1180_10995_11110,n_1229_11160_11285,n_1261_11335_11460,n_1815_12055_12195,n_1818_12240_12385,n_778_12510_12675,n_802_12735_12905,
80,0.5000000000000383,n_1440_7760_7960,n_1442_8035_8265,n_1511_8360_8470,n_1507_8515_8625,n_1438_9200_9400,n_1443_10915_11145,n_910_11190_11355,n_1861_11405_11520,n_629_11965_12135,n_641_12195_12305,n_604_12355_12465,n_621_12525_12700,
80,0.49999999999875766,n_1440_7760_7960,n_1442_8035_8265,n_1511_8360_8470,n_1507_8515_8625,n_1438_9200_9400,n_689_10925_11175,n_1036_11225_11310,n_990_11400_11480,n_1294_11930_12025,n_1257_12080_12170,n_176_12270_12375,n_272_12440_12550,n_1150_12610_12740,n_1101_12785_12900,
81,0.5000000000000355,n_1266_7680_7765,n_1278_7830_7915,n_410_7965_8050,n_419_8110_8250,n_551_8295_8465,n_504_8530_8620,n_1087_9125_9225,n_1048_9285_9375,n_242_9540_9645,n_441_9820_9985,n_1939_10890_11025,n_1950_11100_11240,n_1846_11335_11480,n_2086_11950_12045,n_2090_12105_12200,n_2094_12255_12345,n_2098_12405_12495,n_1787_12690_12780,n_1798_12840_12940,
81,0.2499999999992102,n_1266_7680_7765,n_1278_7830_7915,n_410_7965_8050,n_419_8110_8250,n_551_8295_8465,n_504_8530_8620,n_1087_9125_9225,n_1048_9285_9375,n_1040_9595_9725,n_1133_10980_11120,n_36_11180_11330,n_1846_11395_11540,n_2086_11950_12045,n_2090_12105_12200,n_2094_12255_12345,n_2098_12405_12495,n_1787_12690_12780,n_1798_12840_12940,
81,0.24999999999992878,n_1266_7680_7765,n_1278_7830_7915,n_410_7965_8050,n_419_8110_8250,n_551_8295_8465,n_504_8530_8620,n_1087_9125_9225,n_1048_9285_9375,n_1040_9595_9725,n_1133_10980_11120,n_1497_11170_11295,n_1796_11350_11455,n_1799_11530_11610,n_2086_11950_12045,n_2090_12105_12200,n_2094_12255_12345,n_2098_12405_12495,n_1787_12690_12780,n_1798_12840_12940,
82,0.24999999999975953,n_2044_7625_7790,n_2046_7850_7960,n_1937_8010_8145,n_1948_8220_8360,n_1849_8455_8600,n_1780_9105_9200,n_1762_9255_9340,n_1765_9425_9515,n_1763_10695_10780,n_152_11000_11140,n_701_11190_11360,n_2127_11410_11535,n_1524_12000_12110,n_1528_12160_12280,n_2038_12350_12475,n_2041_12520_12680,n_157_12750_12930,
82,0.49999999999974387,n_2044_7625_7790,n_2046_7850_7960,n_1937_8010_8145,n_1948_8220_8360,n_1849_8455_8600,n_1780_9105_9200,n_1762_9255_9340,n_1765_9425_9515,n_771_10695_10840,n_2106_10885_10995,n_2111_11050_11200,n_156_11310_11490,n_133_11915_12080,n_865_12185_12285,n_829_12355_12485,n_902_12540_12660,n_917_12720_12815,
82,0.24999999999999922,n_2044_7625_7790,n_2046_7850_7960,n_1937_8010_8145,n_1948_8220_8360,n_1849_8455_8600,n_1780_9105_9200,n_1762_9255_9340,n_1765_9425_9515,n_1763_10695_10780,n_1766_10865_10955,n_1773_11015_11100,n_1260_11150_11245,n_1433_11305_11410,n_393_12005_12140,n_340_12185_12250,n_366_12310_12380,n_372_12425_12555,
85,1.0,n_293_7790_7875,n_307_7935_8020,n_1459_8100_8195,n_1455_8260_8345,n_1449_9460_9610,n_2344_10955_11100,n_806_11150_11300,n_1451_11350_11490,n_1596_11950_12035,n_1608_12085_12180,n_1814_12270_12370,n_1820_12435_12535,n_1840_12725_12885,
86,0.5000000000001439,n_1491_7890_8055,n_1494_8115_8280,n_1743_9100_9225,n_1757_9290_9410,n_1829_9550_9620,n_1834_9665_9785,n_1219_11045_11210,n_156_11310_11490,n_133_11915_12080,n_865_12185_12285,n_829_12355_12485,n_902_12540_12660,n_917_12720_12815,
86,0.25000000000007855,n_1491_7890_8055,n_1494_8115_8280,n_1743_9100_9225,n_1757_9290_9410,n_1829_9550_9620,n_1834_9665_9785,n_1219_11045_11210,n_331_11275_11460,n_292_12060_12235,n_2159_12305_12440,n_2162_12490_12560,n_2280_12695_12805,n_2281_12865_12955,
86,0.24999999999918843,n_1491_7890_8055,n_1494_8115_8280,n_1743_9100_9225,n_1757_9290_9410,n_1829_9550_9620,n_1834_9665_9785,n_1219_11045_11210,n_331_11275_11460,n_292_12060_12235,n_1066_12315_12520,n_1059_12580_12775,
87,0.7499999999999214,n_2276_7690_7785,n_2272_7845_7960,n_1224_8050_8195,n_1233_8280_8580,n_1238_9200_9490,n_1211_9550_9690,n_2282_9815_9925,n_2274_10725_10840,n_1225_10930_11075,n_1234_11160_11460,n_1240_12080_12370,n_1213_12430_12570,n_2280_12695_12805,n_2281_12865_12955,
87,0.24999999999997363,n_2276_7690_7785,n_2272_7845_7960,n_1224_8050_8195,n_1233_8280_8580,n_1238_9200_9490,n_1211_9550_9690,n_2267_9755_9865,n_1436_11070_11220,n_1339_11280_11380,n_750_12030_12180,n_809_12235_12385,n_1647_12560_12730,n_1678_12790_12955,
93,0.25000000000022243,n_383_7725_7795,n_389_7850_8000,n_2224_8060_8155,n_2205_8200_8275,n_230_8340_8445,n_255_8505_8615,n_891_9260_9425,n_2282_9815_9925,n_968_10855_11005,n_937_11050_11190,n_940_11250_11335,n_716_11400_11585,n_729_11920_12100,n_957_12150_12235,n_969_12295_12445,n_939_12490_12630,n_1022_12690_12780,
93,0.4999999999997742,n_383_7725_7795,n_389_7850_8000,n_2224_8060_8155,n_2205_8200_8275,n_230_8340_8445,n_255_8505_8615,n_1196_9475_9680,n_1505_11185_11365,n_18_11970_12145,n_58_12220_12385,n_911_12565_12730,n_888_12795_12965,
93,0.2499999999997775,n_383_7725_7795,n_389_7850_8000,n_2224_8060_8155,n_2205_8200_8275,n_230_8340_8445,n_255_8505_8615,n_891_9260_9425,n_2267_9755_9865,n_1436_11070_11220,n_1397_11280_11430,n_2197_11990_12080,n_1929_12255_12405,n_1925_12455_12580,n_1532_12640_12760,n_1520_12810_12925,
94,0.7500000000000684,n_867_7675_7840,n_819_7905_7975,n_856_8020_8090,n_857_8150_8305,n_16_9090_9265,n_131_10955_11120,n_243_11170_11275,n_1284_11325_11435,n_439_11965_12050,n_494_12095_12255,n_456_12315_12480,n_462_12525_12610,n_332_12715_12900,
94,0.24999999999958555,n_867_7675_7840,n_819_7905_7975,n_856_8020_8090,n_857_8150_8305,n_16_9090_9265,n_131_10955_11120,n_327_11170_11250,n_287_11300_11380,n_439_11965_12050,n_494_12095_12255,n_456_12315_12480,n_462_12525_12610,n_332_12715_12900,
98,0.7499999999998513,n_710_7705_7860,n_722_7905_8060,n_1134_8095_8185,n_1106_8245_8350,n_714_8460_8645,n_727_9040_9220,n_1056_9545_9690,n_1180_11000_11115,n_1045_11165_11255,n_1146_11305_11410,n_609_12225_12315,n_618_12375_12495,n_638_12545_12650,n_642_12710_12800,
98,0.25000000000000056,n_710_7705_7860,n_722_7905_8060,n_1134_8095_8185,n_1106_8245_8350,n_714_8460_8645,n_727_9040_9220,n_1056_9545_9690,n_1069_11180_11305,n_1084_11350_11505,n_1323_12125_12300,n_1331_12360_12440,n_1344_12500_12580,n_1309_12680_12855,
99,0.7499999999998181,n_27_9595_9775,n_54_10965_11130,n_28_11180_11360,n_33_11425_11590,n_409_11990_12075,n_417_12135_12275,n_426_12320_12475,n_429_12535_12620,
99,0.24999999999962963,n_868_9115_9280,n_820_9345_9415,n_834_9460_9530,n_821_10785_10855,n_835_10900_10970,n_845_11030_11185,n_1512_11240_11350,n_1508_11395_11505,n_409_11990_12075,n_417_12135_12275,n_426_12320_12475,n_429_12535_12620,
100,1.0,n_2070_7585_7760,n_1811_7950_8050,n_1819_8115_8215,n_2084_9070_9165,n_2088_9225_9320,n_2092_9375_9465,n_919_10675_10810,n_882_10870_11000,n_883_11060_11150,n_82_11200_11295,n_143_11355_11450,n_1756_12015_12160,n_1097_12225_12375,n_1058_12425_12570,n_1070_12620_12745,n_1085_12790_12945,
102,0.2500000000000595,n_2226_7635_7835,n_2230_7900_8085,n_2171_8260_8380,n_1860_8465_8580,n_1863_9705_9905,n_1169_10775_10915,n_271_11020_11130,n_200_11180_11285,n_222_11340_11460,n_328_12120_12200,n_288_12260_12340,n_244_12420_12525,n_1285_12585_12695,n_2341_12780_12930,
102,0.250000000000004,n_2226_7635_7835,n_2230_7900_8085,n_2171_8260_8380,n_1860_8465_8580,n_1863_9705_9905,n_1169_10775_10915,n_1300_11025_11135,n_314_11190_11265,n_333_11325_11405,n_328_12120_12200,n_288_12260_12340,n_244_12420_12525,n_1285_12585_12695,n_2341_12780_12930,
102,0.25000000000002864,n_2226_7635_7835,n_2230_7900_8085,n_2171_8260_8380,n_1860_8465_8580,n_1322_10940_11110,n_1229_11160_11285,n_1261_11335_11460,n_328_12120_12200,n_288_12260_12340,n_244_12420_12525,n_1285_12585_12695,n_2341_12780_12930,
102,0.24999999999990785,n_2226_7635_7835,n_2230_7900_8085,n_2171_8260_8380,n_1860_8465_8580,n_1863_9705_9905,n_2231_10780_10965,n_1864_11145_11345,n_1578_11405_11530,n_1524_12000_12110,n_1528_12160_12280,n_2038_12350_12475,n_2041_12520_12680,n_2341_12780_12930,
103,0.4999999999998881,n_13_7685_7845,n_2185_7970_8110,n_2157_8170_8240,n_2169_8315_8385,n_2160_8430_8555,n_871_9155_9325,n_876_10975_11145,n_348_11195_11350,n_358_11395_11450,n_384_12045_12115,n_390_12170_12320,n_2216_12380_12475,n_2200_12520_12600,n_1037_12665_12750,n_998_12840_12920,
103,0.2500000000000878,n_13_7685_7845,n_2185_7970_8110,n_2157_8170_8240,n_2169_8315_8385,n_2160_8430_8555,n_871_9155_9325,n_906_10975_11140,n_348_11195_11350,n_358_11395_11450,n_384_12045_12115,n_390_12170_12320,n_2216_12380_12475,n_2200_12520_12600,n_1037_12665_12750,n_998_12840_12920,
103,0.2499999999998802,n_13_7685_7845,n_2185_7970_8110,n_2157_8170_8240,n_2169_8315_8385,n_2160_8430_8555,n_871_9155_9325,n_906_10980_11145,n_348_11195_11350,n_358_11395_11450,n_384_12045_12115,n_390_12170_12320,n_2216_12380_12475,n_2200_12520_12600,n_1037_12665_12750,n_998_12840_12920,
104,0.5,n_210_7715_7840,n_169_7905_8170,n_1324_8235_8510,n_1350_9180_9265,n_1432_9325_9430,n_1619_9600_9685,n_1620_9900_10015,n_1755_10575_10720,n_1322_10935_11105,n_200_11155_11260,n_1280_11310_11395,n_2327_12065_12150,n_2334_12210_12485,n_2329_12555_12805,n_2330_12865_12950,
104,0.2500000000001208,n_210_7715_7840,n_169_7905_8170,n_1324_8235_8510,n_1350_9180_9265,n_1432_9325_9430,n_909_9600_9765,n_821_10785_10855,n_835_10900_10970,n_845_11030_11185,n_1512_11240_11350,n_1508_11395_11505,n_2327_12065_12150,n_2334_12210_12485,n_2329_12555_12805,n_2330_12865_12950,
104,0.2499999999998792,n_210_7715_7840,n_169_7905_8170,n_1324_8235_8510,n_1350_9180_9265,n_1432_9325_9430,n_27_9600_9780,n_1157_10985_11150,n_777_11200_11365,n_884_11415_11585,n_2327_12065_12150,n_2334_12210_12485,n_2329_12555_12805,n_2330_12865_12950,
106,0.49999999999943245,n_2342_7590_7735,n_135_7865_8025,n_112_8100_8240,n_312_8310_8385,n_275_8445_8525,n_677_9220_9330,n_691_9410_9530,n_697_9595_9705,n_1979_10555_10645,n_1954_10705_10805,n_1016_10930_11105,n_1024_11155_11420,n_107_12080_12360,n_109_12430_12570,
106,0.25000000000036837,n_2342_7590_7735,n_135_7865_8025,n_112_8100_8240,n_312_8310_8385,n_275_8445_8525,n_677_9220_9330,n_691_9410_9530,n_697_9595_9705,n_1979_10555_10645,n_1954_10705_10805,n_1016_10940_11115,n_1024_11170_11435,n_107_12080_12360,n_109_12430_12570,
106,0.2500000000000898,n_2342_7590_7735,n_135_7865_8025,n_112_8100_8240,n_312_8310_8385,n_275_8445_8525,n_677_9220_9330,n_691_9410_9530,n_697_9595_9705,n_1436_11070_11220,n_1339_11280_11380,n_2077_11430_11595,n_2082_11905_12080,n_1803_12150_12235,n_1807_12310_12425,n_1502_12485_12610,n_1356_12675_12930,
107,0.4999999999996667,n_281_7670_7870,n_373_7915_8135,n_1404_8210_8325,n_1421_8385_8485,n_1410_9165_9265,n_1422_9325_9410,n_531_9600_9655,n_1562_9950_10095,n_1884_10495_10760,n_1001_11020_11140,n_935_11190_11295,n_952_11345_11605,n_924_12140_12360,n_925_12435_12555,n_996_12605_12700,n_1010_12765_12875,
107,0.2500000000000713,n_281_7670_7870,n_373_7915_8135,n_1404_8210_8325,n_1421_8385_8485,n_1410_9165_9265,n_1422_9325_9410,n_1040_9600_9730,n_1001_11020_11140,n_935_11190_11295,n_952_11345_11605,n_924_12140_12360,n_925_12435_12555,n_996_12605_12700,n_1010_12765_12875,
107,0.2500000000000595,n_281_7670_7870,n_373_7915_8135,n_1404_8210_8325,n_1421_8385_8485,n_1410_9165_9265,n_1422_9325_9410,n_655_9600_9685,n_673_9840_9985,n_1566_10465_10615,n_545_11090_11140,n_935_11190_11295,n_952_11345_11605,n_924_12140_12360,n_925_12435_12555,n_996_12605_12700,n_1010_12765_12875,
108,0.7499999999998008,n_1417_7230_7570,n_1204_7920_8080,n_1217_8140_8305,n_329_8395_8580,n_290_9180_9355,n_476_9430_9520,n_453_9580_9740,n_431_9795_9930,n_968_10855_11005,n_937_11050_11190,n_940_11250_11335,n_716_11400_11585,n_2082_11905_12080,n_1803_12150_12235,n_1807_12310_12425,n_1502_12485_12610,n_1356_12675_12930,
108,0.2500000000000786,n_1417_7230_7570,n_1204_7920_8080,n_1217_8140_8305,n_329_8395_8580,n_290_9180_9355,n_476_9430_9520,n_453_9580_9740,n_431_9795_9930,n_2274_10725_10840,n_1225_10930_11075,n_1234_11160_11460,n_1358_12055_12315,n_1362_12375_12555,n_1552_12645_12755,n_1554_12800_12895,
109,0.5,n_325_7800_7880,n_285_7940_8020,n_241_8100_8205,n_1282_8265_8375,n_2338_8460_8610,n_2343_9030_9175,n_891_9260_9425,n_2267_9755_9865,n_771_10695_10840,n_2106_10885_10995,n_2111_11055_11205,n_331_11275_11460,n_292_12060_12235,n_2159_12305_12440,n_2162_12490_12560,n_2170_12635_12705,n_2161_12750_12875,
109,0.2500000000000786,n_325_7800_7880,n_285_7940_8020,n_241_8100_8205,n_1282_8265_8375,n_2338_8460_8610,n_2343_9030_9175,n_1163_9310_9435,s_1068_1083_9740_9940,n_263_10945_11105,n_265_11155_11420,n_1240_12080_12370,n_1213_12430_12570,n_2170_12635_12705,n_2161_12750_12875,
109,0.24999999999966072,n_325_7800_7880,n_285_7940_8020,n_241_8100_8205,n_1282_8265_8375,n_2338_8460_8610,n_2343_9030_9175,n_1163_9310_9435,s_1068_1083_9740_9940,n_263_10955_11115,n_265_11165_11430,n_1358_12055_12315,n_1362_12375_12555,n_1552_12645_12755,n_1554_12800_12895,
110,0.4999999999999669,n_1349_7680_7960,n_1495_8045_8170,n_1790_8230_8335,n_1794_8410_8490,n_1801_9270_9355,n_1805_9430_9545,n_341_9955_10010,n_1964_10855_10955,n_1970_11015_11110,n_614_11210_11345,n_555_11415_11595,n_1601_11940_12025,n_1611_12070_12165,n_1492_12210_12375,n_1493_12435_12600,
110,0.2499999999998339,n_1349_7680_7960,n_1495_8045_8170,n_1790_8230_8335,n_1794_8410_8490,n_1801_9270_9355,n_1805_9430_9545,n_1788_9670_9775,n_1693_10545_10690,n_102_10965_11100,n_1497_11150_11275,n_1796_11350_11455,n_1799_11530_11610,n_1601_11940_12025,n_1611_12070_12165,n_1492_12210_12375,n_1493_12435_12600,
110,0.2499999999999014,n_1349_7680_7960,n_1495_8045_8170,n_1790_8230_8335,n_1794_8410_8490,n_1801_9270_9355,n_1805_9430_9545,n_341_9955_10010,n_1016_10935_11110,n_1024_11160_11425,n_107_12080_12360,n_109_12430_12570,
112,0.250000000000259,n_1316_7785_7915,n_1363_7975_8110,n_1341_8180_8260,n_1306_8360_8535,n_2227_9075_9275,n_2233_9340_9525,n_2079_10535_10655,n_2067_11010_11105,n_295_11155_11240,n_300_11295_11380,n_2279_12010_12105,n_2275_12165_12280,n_1226_12370_12515,n_1235_12600_12900,
112,0.25000000000024103,n_1316_7785_7915,n_1363_7975_8110,n_1341_8180_8260,n_1306_8360_8535,n_2227_9075_9275,n_2233_9340_9525,n_2238_10505_10690,n_1019_10990_11100,n_1426_11145_11230,n_1339_11280_11380,n_2279_12010_12105,n_2275_12165_12280,n_1226_12370_12515,n_1235_12600_12900,
112,0.249999999999966,n_1316_7785_7915,n_1363_7975_8110,n_1341_8180_8260,n_1306_8360_8535,n_2227_9075_9275,n_2233_9340_9525,n_1863_9705_9905,n_1169_10775_10915,n_1029_11095_11255,n_988_11315_11455,n_1793_11520_11620,n_2279_12010_12105,n_2275_12165_12280,n_1226_12370_12515,n_1235_12600_12900,
112,0.24999999999953382,n_1316_7785_7915,n_1363_7975_8110,n_1341_8180_8260,n_1306_8360_8535,n_2227_9075_9275,n_2233_9340_9525,n_2079_10535_10655,n_2067_11015_11110,n_1646_11160_11330,n_1679_11410_11575,n_2279_12010_12105,n_2275_12165_12280,n_1226_12370_12515,n_1235_12600_12900,
114,0.7500000000000556,n_2362_7690_7810,n_1535_7900_8035,n_1542_8100_8235,n_1533_8280_8425,n_1538_8480_8605,n_1130_9135_9225,n_1142_9270_9350,n_1117_9400_9475,n_1835_11105_11225,n_1843_11290_11400,n_1847_11445_11515,n_750_12030_12180,n_809_12235_12385,n_1647_12560_12730,n_1678_12790_12955,
114,0.24999999999939582,n_2362_7690_7810,n_1535_7900_8035,n_1542_8100_8235,n_1533_8280_8425,n_1538_8480_8605,n_1130_9135_9225,n_1142_9270_9350,n_1117_9400_9475,n_1835_11105_11225,n_1843_11290_11400,n_1847_11445_11515,n_1905_12090_12175,n_1877_12235_12310,n_1682_12430_12560,n_1691_12610_12730,
116,0.5000000000000635,n_1800_7830_7915,n_1804_7990_8105,n_1499_8165_8290,n_1354_8355_8610,n_1376_9120_9400,n_1496_9485_9610,n_1788_9670_9775,n_1693_10545_10690,n_1758_10990_11110,n_1646_11160_11330,n_1679_11410_11575,n_296_12110_12195,n_309_12255_12340,n_1462_12420_12515,n_1456_12580_12665,
116,0.2500000000001317,n_1800_7830_7915,n_1804_7990_8105,n_1499_8165_8290,n_1354_8355_8610,n_1376_9120_9400,n_1496_9485_9610,n_341_9955_10010,n_1964_10855_10955,n_1970_11015_11110,n_614_11210_11345,n_555_11415_11595,n_296_12110_12195,n_309_12255_12340,n_1462_12420_12515,n_1456_12580_12665,
116,0.24999999999980482,n_1800_7830_7915,n_1804_7990_8105,n_1499_8165_8290,n_1354_8355_8610,n_1376_9120_9400,n_1496_9485_9610,n_1788_9670_9775,n_1693_10545_10690,n_102_10965_11100,n_1426_11145_11230,n_1339_11280_11380,n_296_12110_12195,n_309_12255_12340,n_1462_12420_12515,n_1456_12580_12665,
117,0.500000000000621,n_1887_7700_7830,n_1167_7895_8035,n_224_8105_8190,n_908_8245_8410,n_887_8475_8645,n_392_9125_9260,n_339_9305_9370,n_387_9430_9500,n_897_10695_10970,n_913_11035_11285,n_881_11330_11465,n_1165_12190_12315,n_1181_12360_12480,n_657_12575_12660,n_675_12720_12865,
117,0.4999999999992544,n_1887_7700_7830,n_1167_7895_8035,n_224_8105_8190,n_908_8245_8410,n_887_8475_8645,n_392_9125_9260,n_339_9305_9370,n_387_9430_9500,n_353_10745_10810,n_360_10870_10940,n_361_10990_11120,n_1136_11170_11260,n_1063_11310_11395,n_1165_12190_12315,n_1181_12360_12480,n_657_12575_12660,n_675_12720_12865,
118,0.5000000000002298,n_2360_7855_7980,n_1332_8050_8175,n_1336_8260_8580,n_1304_9180_9475,n_1314_9550_9715,n_2228_10515_10715,n_2231_10780_10965,n_1864_11145_11345,n_1578_11405_11530,n_1524_12000_12110,n_1528_12160_12280,n_2038_12350_12475,n_2041_12520_12680,
118,0.24999999999997136,n_2360_7855_7980,n_1332_8050_8175,n_1336_8260_8580,n_1304_9180_9475,n_1314_9550_9715,n_1322_10945_11115,n_777_11185_11350,n_1861_11405_11520,n_1323_12125_12300,n_1331_12360_12440,n_1344_12500_12580,n_1309_12680_12855,
118,0.24999999999979883,n_2360_7855_7980,n_1332_8050_8175,n_1336_8260_8580,n_1304_9180_9475,n_1314_9550_9715,n_2228_10515_10715,n_2231_10780_10965,n_1864_11145_11345,n_1578_11405_11530,n_1584_11975_12130,n_1591_12175_12315,n_1664_12375_12475,n_1656_12530_12640,n_1668_12700_12810,n_1675_12860_12955,
120,0.49999999999940875,n_1621_7690_7865,n_1631_7930_8105,n_2128_8275_8415,n_2130_8470_8595,n_2182_9095_9220,n_2174_9280_9535,n_2166_9605_9825,n_2178_9910_10030,n_1523_10560_10670,n_1527_10720_10850,n_2037_10910_11035,n_2040_11110_11280,n_2340_11340_11490,n_2345_11910_12055,n_1046_12240_12325,n_1074_12390_12480,
120,0.25000000000053174,n_1621_7690_7865,n_1631_7930_8105,n_2128_8275_8415,n_2130_8470_8595,n_2182_9095_9220,n_2174_9280_9535,n_2166_9605_9825,n_2178_9910_10030,n_1523_10560_10670,n_1527_10720_10850,n_2037_10910_11035,n_2040_11110_11280,n_2340_11340_11490,n_2345_11910_12055,n_328_12120_12200,n_288_12260_12340,n_244_12420_12525,n_1285_12585_12695,n_157_12750_12930,
120,0.24999999999912587,n_1621_7690_7865,n_1631_7930_8105,n_2128_8275_8415,n_2130_8470_8595,n_2182_9095_9220,n_2174_9280_9535,n_2166_9605_9825,n_2178_9910_10030,n_1523_10560_10670,n_1527_10720_10850,n_2037_10910_11035,n_2040_11110_11280,n_2340_11340_11490,n_2345_11910_12055,n_1298_12115_12225,n_1301_12315_12425,n_157_12750_12930,
121,0.7499999999998773,n_2119_7605_7765,n_2056_7925_8040,n_2060_8085_8200,n_1992_8245_8430,n_2000_8495_8630,n_2009_9035_9155,n_1997_9215_9385,n_473_9435_9600,n_493_10655_10815,n_2050_10905_11025,n_1543_11100_11235,n_1534_11280_11425,n_1539_11480_11605,n_393_12005_12140,n_340_12185_12250,n_366_12310_12380,n_372_12425_12555,
121,0.24999999999999367,n_2119_7605_7765,n_2056_7925_8040,n_2060_8085_8200,n_1992_8245_8430,n_2000_8495_8630,n_2009_9035_9155,n_1997_9215_9385,n_473_9435_9600,n_493_10655_10815,n_2050_10905_11025,n_1543_11100_11235,n_1534_11280_11425,n_1539_11480_11605,n_609_12225_12315,n_618_12375_12495,n_638_12545_12650,n_642_12710_12800,
126,1.0,n_764_7690_7820,n_780_7880_7990,n_839_8040_8140,n_841_8210_8345,n_177_8520_8625,n_1930_9200_9290,n_1932_9350_9520,n_302_9640_9740,n_2101_10725_10840,n_791_10885_11025,n_798_11080_11165,n_227_11215_11295,n_235_11345_11435,n_321_12005_12130,n_280_12180_12270,n_1944_12335_12495,n_1917_12570_12685,
127,0.2500000000010163,n_1753_7695_7840,n_1093_7905_8055,n_1055_8105_8250,n_1067_8300_8425,n_1082_8470_8625,n_2207_9270_9390,n_2202_9450_9635,n_2210_9690_9865,n_2212_9925_10060,n_1683_10550_10670,n_1685_10745_10835,n_1696_10900_10995,n_1701_11055_11165,n_581_11315_11480,n_1066_12315_12520,n_1059_12580_12775,
127,0.4999999999999365,n_1753_7695_7840,n_1093_7905_8055,n_1055_8105_8250,n_1067_8300_8425,n_1082_8470_8625,n_2207_9270_9390,n_2202_9450_9635,n_2210_9690_9865,n_2212_9925_10060,n_1745_10205_10365,n_1214_10565_10650,n_1215_11020_11120,n_221_11170_11350,n_1746_11405_11565,n_1216_12005_12090,n_1221_12135_12240,n_1066_12315_12520,n_1059_12580_12775,
127,0.2499999999990472,n_1753_7695_7840,n_1093_7905_8055,n_1055_8105_8250,n_1067_8300_8425,n_1082_8470_8625,n_2207_9270_9390,n_2202_9450_9635,n_2210_9690_9865,n_2212_9925_10060,n_1683_10550_10670,n_1685_10745_10835,n_1696_10900_10995,n_1701_11055_11165,n_581_11315_11480,n_767_12010_12140,n_783_12200_12310,n_840_12360_12460,n_842_12530_12665,n_79_12785_12935,
129,0.9999999999999999,n_1582_7655_7810,n_1589_7855_7995,n_1661_8055_8155,n_1653_8210_8320,n_1665_8380_8490,n_1672_8540_8635,n_1616_9130_9305,n_1626_9370_9545,n_1617_10570_10745,n_1627_10810_10985,n_1642_11045_11190,n_1624_11250_11390,n_1694_11985_12130,n_7_12195_12325,n_1652_12430_12580,n_1671_12645_12790,
133,0.499999999999732,n_1274_7700_7830,n_8_7875_8005,n_1039_8195_8325,n_1894_8425_8650,n_1883_9055_9320,n_1895_9865_10090,n_1566_10465_10615,n_545_11085_11135,n_1041_11185_11315,n_1896_11365_11590,n_1885_11935_12200,n_1002_12260_12380,n_1855_12650_12750,n_1858_12800_12895,
133,0.2500000000002822,n_1274_7700_7830,n_8_7875_8005,n_1039_8195_8325,n_1894_8425_8650,n_1883_9055_9320,n_1001_11010_11130,n_1041_11185_11315,n_1896_11365_11590,n_1885_11935_12200,n_1002_12260_12380,n_1855_12650_12750,n_1858_12800_12895,
133,0.24999999999918066,n_1274_7700_7830,n_8_7875_8005,n_1039_8195_8325,n_1894_8425_8650,n_1883_9055_9320,n_1895_10105_10330,n_1566_10465_10615,n_545_11075_11125,n_1041_11185_11315,n_1896_11365_11590,n_1885_11935_12200,n_1002_12260_12380,n_1855_12650_12750,n_1858_12800_12895,
134,0.7499999999999274,n_885_7615_7760,n_896_7815_8090,n_912_8155_8405,n_878_8450_8585,n_1193_9095_9265,n_1157_10960_11125,n_1469_11175_11375,n_1465_11715_11895,n_337_12250_12400,n_399_12445_12560,n_362_12605_12725,n_369_12780_12925,
134,0.24999999999996048,n_885_7615_7760,n_896_7815_8090,n_912_8155_8405,n_878_8450_8585,n_1193_9095_9265,n_54_10945_11110,n_1109_11160_11245,n_1907_11295_11480,n_1323_12125_12300,n_1331_12360_12440,n_1344_12500_12580,n_1309_12680_12855,
135,0.5,n_837_7705_8020,n_1372_8090_8305,n_1388_8375_8595,n_868_9115_9280,n_820_9345_9415,n_834_9460_9530,n_821_10785_10855,n_835_10900_10970,n_845_11030_11185,n_1512_11240_11350,n_1508_11395_11505,n_18_11970_12145,n_58_12220_12385,n_911_12565_12730,n_888_12795_12965,
135,0.49999999999987943,n_837_7705_8020,n_1372_8090_8305,n_1388_8375_8595,n_1619_9600_9685,n_1620_9900_10015,n_1755_10575_10720,n_263_10955_11115,n_265_11165_11430,n_1358_12055_12315,n_1362_12375_12555,n_1552_12645_12755,n_1554_12800_12895,
137,0.4999999999999513,n_1680_7670_7790,n_1684_7865_7955,n_1695_8020_8115,n_1700_8175_8285,n_1744_8345_8505,n_1754_9135_9280,s_628_640_10525_10755,n_603_11025_11135,n_620_11195_11370,n_2209_12150_12270,n_2204_12330_12515,n_2221_12570_12745,n_2223_12805_12940,
137,0.4999999999999365,n_1680_7670_7790,n_1684_7865_7955,n_1695_8020_8115,n_1700_8175_8285,n_1744_8345_8505,n_1754_9135_9280,n_1683_10550_10670,n_1685_10745_10835,n_51_10965_11110,n_1109_11160_11245,n_1907_11295_11480,n_2209_12150_12270,n_2204_12330_12515,n_2221_12570_12745,n_2223_12805_12940,
140,0.4999999999998881,n_1521_7680_7790,n_1525_7840_7970,n_2036_8030_8155,n_2039_8230_8400,n_76_8465_8615,n_1223_9125_9210,n_1232_9255_9360,n_2262_9420_9520,n_2264_9575_9680,n_906_10965_11130,n_701_11180_11350,n_2127_11410_11535,n_1584_11975_12130,n_1591_12175_12315,n_1664_12375_12475,n_1656_12530_12640,n_1668_12700_12810,n_1675_12860_12955,
140,0.2500000000001714,n_1521_7680_7790,n_1525_7840_7970,n_2036_8030_8155,n_2039_8230_8400,n_76_8465_8615,n_1223_9125_9210,n_1232_9255_9360,n_2262_9420_9520,n_2264_9575_9680,n_876_10970_11140,n_701_11190_11360,n_2127_11410_11535,n_1584_11975_12130,n_1591_12175_12315,n_1664_12375_12475,n_1656_12530_12640,n_1668_12700_12810,n_1675_12860_12955,
140,0.2499999999999405,n_1521_7680_7790,n_1525_7840_7970,n_2036_8030_8155,n_2039_8230_8400,n_76_8465_8615,n_1223_9125_9210,n_1232_9255_9360,n_655_9590_9675,n_673_9840_9985,n_1884_10495_10760,n_1133_10970_11110,n_1109_11160_11245,n_1907_11295_11480,n_1323_12125_12300,n_1331_12360_12440,n_1344_12500_12580,n_1309_12680_12855,
142,0.5000000000001321,n_2026_7680_7805,n_2032_7865_8020,n_2021_8065_8255,n_2022_8315_8430,n_779_9110_9195,n_787_9255_9400,n_2105_9445_9555,n_279_10740_10830,n_377_10925_11145,n_656_11200_11285,n_674_11340_11485,n_2122_11925_12085,n_2059_12245_12360,n_2063_12405_12520,n_1995_12565_12750,n_2003_12815_12950,
142,0.49999999999971656,n_2026_7680_7805,n_2032_7865_8020,n_2021_8065_8255,n_2022_8315_8430,n_779_9110_9195,n_787_9255_9400,n_2105_9445_9555,n_279_10740_10830,n_377_10930_11150,n_656_11205_11290,n_674_11340_11485,n_2122_11925_12085,n_2059_12245_12360,n_2063_12405_12520,n_1995_12565_12750,n_2003_12815_12950,

