4,0.7857142857142871,n_2206_7830_7950,n_2201_8010_8195,n_2220_8250_8425,n_2222_8485_8620,n_1714_9110_9230,n_1720_9305_9395,n_1706_9460_9555,n_1717_9615_9730,n_1745_9785_9945,n_1214_10565_10650,n_1215_11020_11120,n_1149_11170_11300,n_1069_11360_11485,n_1084_11530_11685,n_1715_11990_12110,n_1721_12185_12275,n_1707_12340_12435,n_1718_12495_12610,n_1747_12665_12825,
4,0.10714285714285765,n_2206_7830_7950,n_2201_8010_8195,n_2220_8250_8425,n_2222_8485_8620,n_1714_9110_9230,n_1720_9305_9395,n_1706_9460_9555,n_1717_9615_9730,n_1745_9785_9945,n_99_10965_11115,n_1149_11170_11300,n_1069_11360_11485,n_1084_11530_11685,n_1715_11990_12110,n_1721_12185_12275,n_1707_12340_12435,n_1718_12495_12610,n_1747_12665_12825,
4,0.10714285714285521,n_2206_7830_7950,n_2201_8010_8195,n_2220_8250_8425,n_2222_8485_8620,n_1714_9110_9230,n_1720_9305_9395,n_1706_9460_9555,n_1717_9615_9730,n_1745_9785_9945,n_1214_10565_10650,n_1215_11015_11115,n_1149_11170_11300,n_1069_11360_11485,n_1084_11530_11685,n_1715_11990_12110,n_1721_12185_12275,n_1707_12340_12435,n_1718_12495_12610,n_1747_12665_12825,
5,0.7499999999999993,n_1882_7615_7880,n_999_7940_8060,n_699_8145_8315,n_658_8365_8525,n_1242_9050_9160,n_1253_9205_9285,n_2193_10800_10940,n_454_11020_11180,n_432_11235_11370,n_404_11430_11510,n_2029_12000_12125,n_2035_12185_12340,n_2016_12445_12635,n_2019_12695_12810,
5,0.17857142857142616,n_1882_7615_7880,n_999_7940_8060,n_699_8145_8315,n_658_8365_8525,n_1242_9050_9160,n_1253_9205_9285,n_158_10590_10675,n_114_11025_11110,n_28_11170_11350,n_33_11425_11590,n_2029_12000_12125,n_2035_12185_12340,n_2016_12445_12635,n_2019_12695_12810,
5,0.03571428571428825,n_1882_7615_7880,n_999_7940_8060,n_699_8145_8315,n_658_8365_8525,n_1242_9050_9160,n_1253_9205_9285,n_158_10590_10675,n_114_11025_11110,n_1136_11160_11250,n_1146_11305_11410,n_2029_12000_12125,n_2035_12185_12340,n_2016_12445_12635,n_2019_12695_12810,
5,0.035714285714286254,n_1882_7615_7880,n_999_7940_8060,n_699_8145_8315,n_658_8365_8525,n_1242_9050_9160,n_1253_9205_9285,n_1889_10580_10710,n_1169_10775_10915,n_274_11035_11120,n_28_11170_11350,n_33_11425_11590,n_2029_12000_12125,n_2035_12185_12340,n_2016_12445_12635,n_2019_12695_12810,
6,0.5357142857142836,n_1477_7685_7775,n_852_7835_8090,n_879_8150_8410,n_1481_8470_8560,n_1692_9105_9250,n_6_9315_9445,n_199_9510_9615,n_117_11000_11115,n_380_11175_11300,n_351_11350_11480,n_356_11530_11675,n_359_11780_11910,n_247_12090_12285,n_239_12380_12570,n_315_12630_12705,n_323_12765_12845,
6,0.3571428571428563,n_1477_7685_7775,n_852_7835_8090,n_879_8150_8410,n_1481_8470_8560,n_1692_9105_9250,n_6_9315_9445,n_199_9510_9615,n_117_11000_11115,n_380_11170_11295,n_351_11350_11480,n_356_11530_11675,n_359_11780_11910,n_247_12090_12285,n_239_12380_12570,n_315_12630_12705,n_323_12765_12845,
6,0.10714285714286009,n_1477_7685_7775,n_852_7835_8090,n_879_8150_8410,n_1481_8470_8560,n_1692_9105_9250,n_6_9315_9445,n_199_9510_9615,n_117_11000_11115,n_380_11180_11305,n_351_11350_11480,n_356_11530_11675,n_359_11780_11910,n_247_12090_12285,n_239_12380_12570,n_315_12630_12705,n_323_12765_12845,
8,0.607142857142857,n_267_7735_7995,n_220_8055_8235,n_589_8435_8600,n_1558_9135_9235,n_1545_9285_9395,n_374_10605_10675,n_378_10970_11120,n_1402_11170_11480,n_1419_11550_11890,n_1559_12015_12115,n_1546_12165_12275,n_1394_12325_12505,n_1348_12590_12850,
8,0.392857142857143,n_267_7735_7995,n_220_8055_8235,n_589_8435_8600,n_1193_9095_9265,n_131_10955_11120,n_1402_11170_11480,n_1419_11550_11890,n_1559_12015_12115,n_1546_12165_12275,n_1394_12325_12505,n_1348_12590_12850,
9,0.607142857142857,n_457_7745_7910,n_469_7980_8085,n_654_8255_8340,n_672_8400_8545,n_694_9050_9205,n_665_9275_9370,n_1065_9435_9640,n_1064_11095_11295,n_78_11345_11495,n_115_12030_12115,n_119_12175_12260,n_1273_12385_12470,n_1030_12535_12695,n_989_12755_12895,
9,0.21428571428571375,n_457_7745_7910,n_469_7980_8085,n_654_8255_8340,n_672_8400_8545,n_694_9050_9205,n_665_9275_9370,n_1065_9435_9640,n_1064_11095_11295,n_78_11345_11495,n_1216_12005_12090,n_1221_12135_12240,n_1197_12355_12560,n_1182_12620_12820,
9,0.17857142857142927,n_457_7745_7910,n_469_7980_8085,n_654_8255_8340,n_672_8400_8545,n_694_9050_9205,n_665_9275_9370,n_1065_9435_9640,n_1064_11095_11295,n_78_11345_11495,n_1890_12020_12150,n_1170_12215_12355,n_1820_12435_12535,
10,0.607142857142857,n_1425_7740_7825,n_1431_7885_7990,n_1270_8065_8150,n_1027_8215_8375,n_986_8435_8575,n_139_9200_9315,n_174_9390_9495,n_1300_10995_11105,n_1469_11155_11355,n_1465_11715_11895,n_549_12300_12400,n_508_12460_12560,n_511_12630_12730,n_584_12790_12895,
10,0.14285714285714524,n_1425_7740_7825,n_1431_7885_7990,n_1270_8065_8150,n_1027_8215_8375,n_986_8435_8575,n_139_9200_9315,n_531_9600_9655,n_1562_9950_10095,n_1566_10465_10615,n_545_11055_11105,n_1469_11155_11355,n_1465_11715_11895,n_1116_11975_12090,n_1128_12140_12245,n_549_12300_12400,n_508_12460_12560,n_511_12630_12730,n_584_12790_12895,
10,0.10714285714285765,n_1425_7740_7825,n_1431_7885_7990,n_1270_8065_8150,n_1027_8215_8375,n_986_8435_8575,n_139_9200_9315,n_1368_9595_9765,n_1384_11265_11440,n_1294_11930_12025,n_1257_12080_12170,n_549_12300_12400,n_508_12460_12560,n_511_12630_12730,n_584_12790_12895,
10,0.10714285714285654,n_1425_7740_7825,n_1431_7885_7990,n_1270_8065_8150,n_1027_8215_8375,n_986_8435_8575,n_139_9200_9315,n_174_9390_9495,n_1028_9655_9815,n_489_11025_11105,n_1469_11155_11355,n_1465_11715_11895,n_1116_11975_12090,n_1128_12140_12245,n_549_12300_12400,n_508_12460_12560,n_511_12630_12730,n_584_12790_12895,
10,0.03571428571428248,n_1425_7740_7825,n_1431_7885_7990,n_1270_8065_8150,n_1027_8215_8375,n_986_8435_8575,n_139_9200_9315,n_1040_9595_9725,n_1895_9865_10090,n_1566_10465_10615,n_545_11055_11105,n_1469_11155_11355,n_1465_11715_11895,n_549_12300_12400,n_508_12460_12560,n_511_12630_12730,n_584_12790_12895,
13,1.0,n_1547_7695_7795,n_1549_7845_7955,n_1015_8020_8195,n_1023_8255_8520,n_106_9200_9470,n_108_9550_9690,n_1333_10990_11115,n_1337_11165_11485,n_1305_12060_12360,n_1315_12430_12595,
14,0.607142857142857,n_566_7730_7900,n_262_8045_8205,n_264_8265_8530,n_1357_9175_9435,n_1361_9495_9675,n_1551_9765_9875,n_1550_10725_10835,n_2020_11005_11125,n_2024_11190_11295,n_1837_11345_11505,n_1740_12045_12180,n_1664_12375_12475,n_1656_12530_12640,n_1668_12700_12810,n_1675_12860_12955,
14,0.392857142857143,n_566_7730_7900,n_262_8045_8205,n_264_8265_8530,n_1357_9175_9435,n_1361_9495_9675,n_1551_9765_9875,n_1550_10725_10835,n_2020_11005_11125,n_2024_11190_11295,n_1837_11345_11505,n_115_12030_12115,n_119_12175_12260,n_1273_12385_12470,n_1030_12535_12695,n_989_12755_12895,
15,0.607142857142857,n_289_7740_7915,n_543_7980_8080,n_506_8140_8240,n_509_8310_8410,n_582_8470_8575,n_147_9060_9170,n_1175_9235_9395,n_1187_9455_9605,n_1028_9655_9815,n_987_9875_10015,n_274_11020_11105,n_1446_11155_11490,n_838_12025_12340,n_733_12390_12555,n_500_12655_12840,
15,0.28571428571428803,n_289_7740_7915,n_543_7980_8080,n_506_8140_8240,n_509_8310_8410,n_582_8470_8575,n_147_9060_9170,n_1175_9235_9395,n_1187_9455_9605,n_274_11020_11105,n_1446_11155_11490,n_838_12025_12340,n_733_12390_12555,n_500_12655_12840,
15,0.10714285714285499,n_289_7740_7915,n_543_7980_8080,n_506_8140_8240,n_509_8310_8410,n_582_8470_8575,n_147_9060_9170,n_1175_9235_9395,n_1187_9455_9605,n_1280_11020_11105,n_1446_11155_11490,n_838_12025_12340,n_733_12390_12555,n_500_12655_12840,
17,1.0,n_1237_7760_8050,n_1210_8110_8250,n_2294_8375_8485,n_2295_8545_8635,n_294_9230_9315,n_308_9375_9460,n_1460_9540_9635,n_1381_11055_11185,n_1392_11245_11370,n_1319_12105_12235,n_1366_12295_12430,n_1344_12500_12580,n_1309_12680_12855,
18,0.6428571428571401,n_245_7770_7970,n_237_8030_8230,n_1400_8290_8600,n_1418_8670_9010,n_326_9240_9320,n_286_9380_9460,n_655_9595_9680,n_673_9840_9985,n_695_10490_10645,n_666_11015_11110,n_806_11160_11310,n_762_11360_11495,n_671_11970_12055,n_687_12115_12245,n_705_12305_12425,n_663_12485_12575,n_395_12635_12790,n_342_12835_12890,
18,0.35714285714285987,n_245_7770_7970,n_237_8030_8230,n_1400_8290_8600,n_1418_8670_9010,n_326_9240_9320,n_286_9380_9460,n_1040_9600_9730,n_1895_9865_10090,n_695_10490_10645,n_666_11015_11110,n_806_11160_11310,n_762_11360_11495,n_671_11970_12055,n_687_12115_12245,n_705_12305_12425,n_663_12485_12575,n_395_12635_12790,n_342_12835_12890,
21,0.8571428571428599,n_427_8215_9010,n_526_9300_9470,n_644_9560_9760,n_631_9820_10025,n_587_10935_11115,n_461_11385_11955,n_468_12075_12660,
21,0.14285714285714013,n_427_8215_9010,n_526_9300_9470,n_644_9560_9760,n_631_9820_10025,n_587_10940_11120,n_461_11385_11955,n_468_12075_12660,
24,1.0,n_66_7770_7845,n_19_7965_8725,n_69_8905_9735,n_73_11025_11100,n_539_11530_12250,n_590_12660_13330,
30,0.8928571428571423,n_9_7685_7860,n_1_7940_8110,n_1602_8190_8275,n_223_8340_8460,n_203_9175_9280,n_217_9340_9450,n_2214_9500_9595,n_1143_10710_10790,n_1103_10840_10915,n_1112_11020_11110,n_995_11165_11260,n_1009_11325_11435,n_89_12050_12185,n_103_12235_12370,n_72_12475_12665,n_85_12735_12900,
30,0.10714285714285765,n_9_7685_7860,n_1_7940_8110,n_1602_8190_8275,n_223_8340_8460,n_203_9175_9280,n_217_9340_9450,n_2214_9500_9595,n_1143_10710_10790,n_1103_10840_10915,n_1112_11020_11110,n_995_11165_11260,n_1172_11325_11415,n_1088_12005_12105,n_1049_12165_12255,n_254_12480_12585,n_1614_12655_12745,
35,0.46428571428570997,n_847_7895_8035,n_858_8095_8230,n_817_8275_8385,n_823_8445_8580,n_531_9600_9655,n_1562_9950_10095,n_521_10920_11110,n_1229_11160_11285,n_1261_11335_11460,n_1014_11940_12035,n_1026_12100_12190,n_381_12260_12385,n_352_12430_12560,n_364_12610_12755,n_435_12800_12930,
35,0.3928571428571448,n_847_7895_8035,n_858_8095_8230,n_817_8275_8385,n_823_8445_8580,n_531_9600_9655,n_1562_9950_10095,n_2121_10485_10645,n_2058_10805_10920,n_2062_10965_11080,n_350_11165_11285,n_355_11340_11485,n_1014_11940_12035,n_1026_12100_12190,n_381_12260_12385,n_352_12430_12560,n_364_12610_12755,n_435_12800_12930,
35,0.14285714285714524,n_847_7895_8035,n_858_8095_8230,n_817_8275_8385,n_823_8445_8580,n_891_9260_9425,n_2282_9815_9925,n_185_11005_11110,n_1229_11160_11285,n_1261_11335_11460,n_1014_11940_12035,n_1026_12100_12190,n_381_12260_12385,n_352_12430_12560,n_364_12610_12755,n_435_12800_12930,
36,0.7499999999999982,n_122_7645_7735,n_862_7865_7965,n_826_8035_8165,n_899_8220_8340,n_914_8400_8495,n_1809_9180_9315,n_353_10745_10810,n_360_10870_10940,n_361_10985_11115,n_1272_11165_11250,n_188_11300_11410,n_1116_11975_12090,n_1128_12140_12245,n_1197_12355_12560,n_1182_12620_12820,
36,0.2500000000000018,n_122_7645_7735,n_862_7865_7965,n_826_8035_8165,n_899_8220_8340,n_914_8400_8495,n_1809_9180_9315,n_897_10695_10970,n_2167_11045_11265,n_2179_11350_11470,n_1618_12010_12185,n_1628_12250_12425,n_2138_12610_12740,n_2132_12790_12915,
37,0.5357142857142836,n_1075_7645_7725,n_487_7785_7865,n_444_7925_8135,n_301_8200_8300,n_310_8360_8490,n_711_9145_9300,n_697_9595_9705,n_2058_10805_10920,n_2062_10965_11080,n_350_11165_11285,n_355_11340_11485,n_2042_11945_12110,n_2043_12170_12280,n_1940_12330_12465,n_1951_12540_12680,n_1850_12775_12920,
37,0.28571428571428714,n_1075_7645_7725,n_487_7785_7865,n_444_7925_8135,n_301_8200_8300,n_310_8360_8490,n_2359_9295_9420,n_859_9535_9670,n_973_9725_9850,n_828_10915_11045,n_901_11100_11220,n_916_11280_11375,n_2042_11945_12110,n_2043_12170_12280,n_1940_12330_12465,n_1951_12540_12680,n_1850_12775_12920,
37,0.10714285714285765,n_1075_7645_7725,n_487_7785_7865,n_444_7925_8135,n_301_8200_8300,n_310_8360_8490,n_1619_9600_9685,n_1620_9900_10015,n_1755_10575_10720,n_1096_10950_11100,n_1057_11150_11295,n_1100_11345_11460,n_2042_11945_12110,n_2043_12170_12280,n_1940_12330_12465,n_1951_12540_12680,n_1850_12775_12920,
37,0.07142857142857162,n_1075_7645_7725,n_487_7785_7865,n_444_7925_8135,n_301_8200_8300,n_310_8360_8490,n_732_9510_9675,n_2121_10485_10645,n_2058_10805_10920,n_2062_10965_11080,n_350_11165_11285,n_355_11340_11485,n_2042_11945_12110,n_2043_12170_12280,n_1940_12330_12465,n_1951_12540_12680,n_1850_12775_12920,
38,0.607142857142857,n_2187_7705_7850,n_2191_7920_8060,n_1640_8165_8310,n_1622_8370_8510,n_1586_9275_9425,n_489_11025_11105,n_1651_11155_11305,n_1574_11365_11460,n_1980_11995_12085,n_1955_12145_12245,n_1965_12295_12395,n_1971_12455_12550,n_615_12650_12785,n_625_12850_13005,
38,0.17857142857142594,n_2187_7705_7850,n_2191_7920_8060,n_1640_8165_8310,n_1622_8370_8510,n_1586_9275_9425,n_987_9875_10015,n_1176_10675_10835,n_489_11025_11105,n_1651_11155_11305,n_1574_11365_11460,n_1980_11995_12085,n_1955_12145_12245,n_1965_12295_12395,n_1971_12455_12550,n_615_12650_12785,n_625_12850_13005,
38,0.10714285714285943,n_2187_7705_7850,n_2191_7920_8060,n_1640_8165_8310,n_1622_8370_8510,n_1586_9275_9425,n_987_9875_10015,n_1176_10675_10835,n_489_11025_11105,n_1651_11160_11310,n_1574_11365_11460,n_1980_11995_12085,n_1955_12145_12245,n_1965_12295_12395,n_1971_12455_12550,n_615_12650_12785,n_625_12850_13005,
38,0.10714285714285765,n_2187_7705_7850,n_2191_7920_8060,n_1640_8165_8310,n_1622_8370_8510,n_1586_9275_9425,n_987_9875_10015,n_1200_10925_11070,n_1892_11140_11275,n_1846_11335_11480,n_2031_12100_12200,n_2013_12265_12395,n_2014_12445_12565,n_2017_12630_12735,
39,0.7499999999999989,n_406_7670_7755,n_414_7815_7955,n_425_8000_8155,n_428_8215_8300,n_1592_8345_8470,n_1580_8515_8635,n_1267_9120_9205,n_1279_9270_9355,n_1635_9515_9615,n_1638_9685_9785,n_1634_9890_9985,n_919_10675_10810,n_882_10870_11000,n_883_11060_11150,n_227_11200_11280,n_235_11345_11435,n_261_12215_12295,n_1201_12365_12510,n_1893_12580_12715,n_1575_12805_12900,
39,0.1785714285714295,n_406_7670_7755,n_414_7815_7955,n_425_8000_8155,n_428_8215_8300,n_1592_8345_8470,n_1580_8515_8635,n_1267_9120_9205,n_1279_9270_9355,n_1635_9515_9615,n_1638_9685_9785,n_1634_9890_9985,n_2089_10665_10760,n_704_10865_10985,n_662_11045_11135,n_656_11185_11270,n_674_11340_11485,n_729_11920_12100,n_261_12215_12295,n_1201_12365_12510,n_1893_12580_12715,n_1575_12805_12900,
39,0.07142857142857162,n_406_7670_7755,n_414_7815_7955,n_425_8000_8155,n_428_8215_8300,n_1592_8345_8470,n_1580_8515_8635,n_1267_9120_9205,n_1279_9270_9355,n_1635_9515_9615,n_1638_9685_9785,n_1634_9890_9985,n_919_10675_10810,n_882_10870_11000,n_883_11060_11150,n_227_11200_11280,n_1613_11335_11425,n_261_12215_12295,n_1201_12365_12510,n_1893_12580_12715,n_1575_12805_12900,
41,0.28571428571428203,n_1567_7675_7775,n_1571_7835_7920,n_1227_8040_8165,n_1264_8215_8335,n_161_8455_8565,n_191_9090_9200,n_863_9305_9405,n_827_9475_9605,n_900_9660_9780,n_2073_9965_10085,n_1683_10550_10670,n_1685_10745_10835,n_99_10965_11115,n_67_11180_11305,n_30_11355_11470,n_1088_12005_12105,n_1049_12165_12255,n_254_12480_12585,n_1614_12655_12745,
41,0.3214285714285732,n_1567_7675_7775,n_1571_7835_7920,n_1227_8040_8165,n_1264_8215_8335,n_161_8455_8565,n_191_9090_9200,n_863_9305_9405,n_827_9475_9605,n_900_9660_9780,n_2073_9965_10085,n_1322_10945_11115,n_67_11180_11305,n_30_11355_11470,n_1088_12005_12105,n_1049_12165_12255,n_254_12480_12585,n_1614_12655_12745,
41,0.28571428571428714,n_1567_7675_7775,n_1571_7835_7920,n_1227_8040_8165,n_1264_8215_8335,n_161_8455_8565,n_191_9090_9200,n_863_9305_9405,n_827_9475_9605,n_900_9660_9780,n_2089_10665_10760,n_704_10865_10985,n_662_11045_11135,n_1152_11185_11275,n_1172_11325_11415,n_1088_12005_12105,n_1049_12165_12255,n_254_12480_12585,n_1614_12655_12745,
41,0.10714285714285765,n_1567_7675_7775,n_1571_7835_7920,n_1227_8040_8165,n_1264_8215_8335,n_161_8455_8565,n_191_9090_9200,n_863_9305_9405,n_827_9475_9605,n_900_9660_9780,n_2073_9965_10085,n_1683_10550_10670,n_1685_10745_10835,n_134_11115_11255,n_716_11340_11525,n_522_11925_12115,n_1207_12240_12400,n_1220_12460_12625,n_164_12775_12885,
43,0.8928571428571423,n_1114_7655_7770,n_1126_7820_7925,n_1748_7985_8095,n_1751_8150_8260,n_1734_8325_8425,n_1742_8485_8580,n_1115_9095_9210,n_1127_9260_9365,n_242_9540_9645,n_2274_10725_10840,n_876_10940_11110,n_777_11160_11325,n_2283_11375_11485,n_2288_11545_11635,n_1601_11940_12025,n_1257_12080_12170,n_1207_12240_12400,n_1220_12460_12625,n_164_12775_12885,
43,0.10714285714285765,n_1114_7655_7770,n_1126_7820_7925,n_1748_7985_8095,n_1751_8150_8260,n_1734_8325_8425,n_1742_8485_8580,n_1115_9095_9210,n_1127_9260_9365,n_242_9540_9645,n_2274_10725_10840,n_876_10950_11120,n_67_11180_11305,n_30_11355_11470,n_75_11950_12110,n_81_12175_12340,n_1203_12390_12535,n_1250_12595_12740,
44,0.8928571428571417,n_1118_7690_7830,n_1139_7900_8040,n_70_8155_8345,n_83_8415_8580,n_1004_9310_9400,n_1080_11005_11105,n_128_11155_11305,n_134_11355_11495,n_929_12200_12300,n_949_12360_12500,n_974_12605_12730,n_981_12790_12880,
44,0.10714285714285765,n_1118_7690_7830,n_1139_7900_8040,n_70_8155_8345,n_83_8415_8580,n_1004_9310_9400,n_1080_11000_11100,n_1516_11150_11250,n_1513_11330_11425,n_89_12050_12185,n_103_12235_12370,n_72_12475_12665,n_85_12735_12900,
46,0.32142857142857273,n_86_7730_7865,n_100_7915_8050,n_1515_8110_8210,n_1514_8270_8365,n_1119_9130_9270,n_1138_9340_9480,n_1135_9535_9625,n_1063_11040_11125,n_1152_11175_11265,n_1172_11325_11415,n_75_11950_12110,n_81_12175_12340,n_1203_12390_12535,n_1250_12595_12740,
46,0.2857142857142825,n_86_7730_7865,n_100_7915_8050,n_1515_8110_8210,n_1514_8270_8365,n_1119_9130_9270,n_1138_9340_9480,n_1135_9535_9625,n_1063_11035_11120,n_1152_11170_11260,n_1172_11325_11415,n_75_11950_12110,n_81_12175_12340,n_1203_12390_12535,n_1250_12595_12740,
46,0.2857142857142856,n_86_7730_7865,n_100_7915_8050,n_1515_8110_8210,n_1514_8270_8365,n_1119_9130_9270,n_1138_9340_9480,n_1135_9535_9625,n_1063_11045_11130,n_67_11180_11305,n_30_11355_11470,n_75_11950_12110,n_81_12175_12340,n_1203_12390_12535,n_1250_12595_12740,
46,0.10714285714285765,n_86_7730_7865,n_100_7915_8050,n_1515_8110_8210,n_1514_8270_8365,n_1119_9130_9270,n_1138_9340_9480,n_1135_9535_9625,n_1063_11035_11120,n_1152_11170_11260,n_1009_11325_11435,n_929_12200_12300,n_949_12360_12500,n_974_12605_12730,n_981_12790_12880,
52,0.5000000000000002,n_1598_7620_7705,n_1615_7750_7845,n_592_7995_8175,n_563_8235_8415,n_1903_9210_9295,n_1875_9355_9430,n_1829_9550_9620,n_1834_9665_9785,n_1219_11020_11185,n_221_11235_11415,n_2239_11945_12130,n_2219_12195_12385,n_1865_12585_12785,n_1579_12845_12970,
52,0.4999999999999998,n_1598_7620_7705,n_1615_7750_7845,n_592_7995_8175,n_563_8235_8415,n_1903_9210_9295,n_1875_9355_9430,n_1829_9550_9620,n_1834_9665_9785,n_1219_11020_11185,n_620_11265_11440,n_2239_11945_12130,n_2219_12195_12385,n_1865_12585_12785,n_1579_12845_12970,
54,0.8571428571428545,n_1291_7610_7705,n_1263_7760_7850,n_1043_7915_8005,n_1072_8070_8155,n_193_8250_8355,n_160_8420_8535,n_1292_9050_9145,n_1259_9200_9300,n_1205_9360_9520,n_1851_9850_9960,n_1835_11105_11225,n_1843_11290_11400,n_1847_11445_11515,n_2031_12100_12200,n_2013_12265_12395,n_2014_12445_12565,n_2017_12630_12735,
54,0.14285714285714546,n_1291_7610_7705,n_1263_7760_7850,n_1043_7915_8005,n_1072_8070_8155,n_193_8250_8355,n_160_8420_8535,n_1292_9050_9145,n_1259_9200_9300,n_1205_9360_9520,n_1851_9850_9960,n_1835_11105_11225,n_1843_11290_11400,n_1847_11445_11515,n_2086_11950_12045,n_2090_12105_12200,n_724_12285_12440,n_29_12505_12685,n_41_12745_12910,
56,0.607142857142857,n_202_7735_7840,n_214_7900_8010,n_1649_8110_8260,n_1669_8325_8470,n_1296_9235_9345,n_1200_10925_11070,n_1892_11140_11275,n_1846_11335_11480,n_2086_11950_12045,n_2090_12105_12200,n_724_12285_12440,n_29_12505_12685,n_41_12745_12910,
56,0.392857142857143,n_202_7735_7840,n_214_7900_8010,n_1649_8110_8260,n_1669_8325_8470,n_1296_9235_9345,n_1300_10995_11105,n_1406_11155_11270,n_1413_11325_11425,n_1298_12115_12225,n_1301_12315_12425,n_1370_12475_12645,n_1386_12705_12880,
59,1.0,n_1415_7725_7825,n_1430_7885_7970,n_198_8070_8175,n_189_8240_8350,n_4_8460_8625,n_14_9125_9285,n_1867_9435_9535,n_1870_9595_9720,n_2314_9780_9900,n_1871_11035_11160,n_2315_11220_11340,n_2321_11410_11500,n_2356_11980_12030,n_2352_12120_12300,n_2353_12390_12570,
60,0.7142857142857146,n_1737_7725_7860,n_1722_8000_8095,n_1686_8165_8295,n_1697_8355_8485,n_1708_8550_8625,n_2188_9145_9290,n_2192_9360_9500,n_2246_10505_10640,n_2242_10705_10830,n_2317_10895_11035,n_2305_11095_11185,n_2308_11290_11370,n_2311_11435_11565,n_1881_12070_12200,n_1900_12275_12405,n_637_12600_12740,n_683_12815_12945,
60,0.28571428571428537,n_1737_7725_7860,n_1722_8000_8095,n_1686_8165_8295,n_1697_8355_8485,n_1708_8550_8625,n_2188_9145_9290,n_2192_9360_9500,n_1728_9870_10015,n_1739_10605_10740,n_2317_10895_11035,n_2305_11095_11185,n_2308_11290_11370,n_2311_11435_11565,n_1881_12070_12200,n_1900_12275_12405,n_637_12600_12740,n_683_12815_12945,
62,0.7499999999999993,n_2244_7625_7760,n_2240_7825_7950,n_2316_8015_8155,n_2304_8215_8305,n_2307_8350_8430,n_2310_8495_8625,n_1522_9120_9230,n_1526_9280_9400,n_1938_9450_9585,n_1949_9660_9800,n_158_10590_10675,n_114_11015_11100,n_1497_11150_11275,n_1796_11350_11455,n_1799_11530_11610,n_1905_12090_12175,n_1877_12235_12310,n_1682_12430_12560,n_1691_12610_12730,
62,0.25000000000000067,n_2244_7625_7760,n_2240_7825_7950,n_2316_8015_8155,n_2304_8215_8305,n_2307_8350_8430,n_2310_8495_8625,n_1522_9120_9230,n_1526_9280_9400,n_1938_9450_9585,n_1949_9660_9800,n_2193_10800_10940,n_2249_11050_11225,n_2299_11290_11425,n_2271_11475_11570,n_1905_12090_12175,n_1877_12235_12310,n_1682_12430_12560,n_1691_12610_12730,
63,0.6071428571428548,n_627_7645_7815,n_639_7875_7985,n_602_8035_8145,n_619_8205_8380,n_2078_9095_9215,n_2066_9275_9370,n_593_9435_9615,n_1884_10495_10760,n_1133_10960_11100,n_1636_11155_11255,n_1639_11305_11405,n_1632_11510_11605,n_1633_11665_11750,n_870_11995_12160,n_822_12225_12295,n_836_12400_12470,n_846_12530_12685,
63,0.1071428571428581,n_627_7645_7815,n_639_7875_7985,n_602_8035_8145,n_619_8205_8380,n_2078_9095_9215,n_2066_9275_9370,n_2071_9600_9705,n_2073_9965_10085,n_2228_10515_10715,n_1169_10775_10915,n_1280_11020_11105,n_1636_11155_11255,n_1639_11305_11405,n_1632_11510_11605,n_1633_11665_11750,n_870_11995_12160,n_822_12225_12295,n_836_12400_12470,n_846_12530_12685,
63,0.10714285714286031,n_627_7645_7815,n_639_7875_7985,n_602_8035_8145,n_619_8205_8380,n_2078_9095_9215,n_2066_9275_9370,n_2071_9600_9705,n_2073_9965_10085,n_2238_10505_10690,n_1876_11025_11100,n_1260_11150_11245,n_1433_11305_11410,n_870_11995_12160,n_822_12225_12295,n_836_12400_12470,n_846_12530_12685,
63,0.1071428571428581,n_627_7645_7815,n_639_7875_7985,n_602_8035_8145,n_619_8205_8380,n_2078_9095_9215,n_2066_9275_9370,n_593_9435_9615,n_1884_10495_10760,n_1133_10960_11100,n_1374_11150_11365,n_1387_11435_11655,n_870_11995_12160,n_822_12225_12295,n_836_12400_12470,n_846_12530_12685,
63,0.07142857142856873,n_627_7645_7815,n_639_7875_7985,n_602_8035_8145,n_619_8205_8380,n_2078_9095_9215,n_2066_9275_9370,n_2071_9600_9705,n_2073_9965_10085,n_2228_10515_10715,n_1169_10775_10915,n_274_11035_11120,n_1136_11170_11260,n_1019_11330_11440,n_870_11995_12160,n_822_12225_12295,n_836_12400_12470,n_846_12530_12685,
65,0.7142857142857146,n_2154_7690_7815,n_2147_7875_7990,n_2284_8065_8165,n_2291_8225_8350,n_1839_8405_8565,n_1888_9140_9270,n_1168_9335_9475,n_1176_10675_10835,n_1188_10895_11045,n_1029_11095_11255,n_988_11315_11455,n_118_12080_12195,n_176_12270_12375,n_219_12425_12510,n_1429_12625_12705,n_1399_12765_12850,
65,0.28571428571428537,n_2154_7690_7815,n_2147_7875_7990,n_2284_8065_8165,n_2291_8225_8350,n_1839_8405_8565,n_1888_9140_9270,n_1168_9335_9475,n_1200_10925_11070,n_1892_11140_11275,n_1846_11335_11480,n_1596_11950_12035,n_1611_12130_12225,n_1814_12330_12430,n_219_12485_12570,n_1429_12625_12705,n_1399_12765_12850,
66,0.9285714285714306,n_975_7820_8040,n_977_8115_8235,n_1302_8300_8395,n_1303_8455_8545,n_2325_9185_9270,n_2332_9330_9605,n_2335_9675_9925,n_2333_10770_11045,n_2323_11115_11365,n_2328_11425_11510,n_1132_12015_12105,n_1144_12150_12230,n_1104_12280_12355,n_1113_12400_12490,n_1110_12570_12655,n_1873_12735_12920,
66,0.0714285714285694,n_975_7820_8040,n_977_8115_8235,n_1302_8300_8395,n_1303_8455_8545,n_2325_9185_9270,n_2332_9330_9605,n_2335_9675_9925,n_2333_10770_11045,n_2323_11115_11365,n_2328_11425_11510,n_2327_12065_12150,n_2334_12210_12485,n_2329_12555_12805,n_2330_12865_12950,
69,0.5357142857142891,n_146_7620_7730,n_1174_7795_7955,n_1186_8015_8165,n_1287_8230_8330,n_1076_9085_9165,n_488_9225_9305,n_445_9365_9575,n_517_9735_9905,n_686_10675_10805,n_723_10955_11110,n_947_11160_11290,n_961_11350_11605,n_963_11995_12225,n_965_12285_12375,n_1153_12470_12560,n_1173_12645_12735,
69,0.46428571428571086,n_146_7620_7730,n_1174_7795_7955,n_1186_8015_8165,n_1287_8230_8330,n_1076_9085_9165,n_488_9225_9305,n_445_9365_9575,n_517_9735_9905,n_1693_10545_10690,n_102_10975_11110,n_947_11160_11290,n_961_11350_11605,n_963_11995_12225,n_965_12285_12375,n_1153_12470_12560,n_1173_12645_12735,
70,0.7499999999999991,n_1192_7655_7825,n_56_7900_8065,n_945_8160_8290,n_959_8350_8605,n_932_9260_9480,n_2364_10990_11110,n_1374_11160_11375,n_1387_11435_11655,n_1537_12220_12355,n_1544_12420_12555,n_1540_12660_12805,n_1541_12860_12985,
70,0.2500000000000009,n_1192_7655_7825,n_56_7900_8065,n_945_8160_8290,n_959_8350_8605,n_932_9260_9480,n_859_9535_9670,n_973_9725_9850,n_1639_11125_11225,n_1632_11330_11425,n_1633_11485_11570,n_1537_12220_12355,n_1544_12420_12555,n_1540_12660_12805,n_1541_12860_12985,
71,1.0,n_954_7830_7915,n_966_7975_8125,n_938_8170_8310,n_1021_8370_8455,n_946_9600_9730,n_960_9790_10045,n_971_10555_10785,n_983_11025_11115,n_2235_11190_11310,n_2236_11370_11485,n_679_12100_12210,n_693_12290_12410,n_698_12480_12585,n_708_12635_12735,n_498_12810_12980,
73,0.9285714285714306,n_1437_7610_7765,n_664_7835_7930,n_475_7990_8080,n_452_8140_8300,n_430_8355_8490,n_402_8550_8630,n_259_9335_9415,n_1199_9485_9630,n_1891_9700_9835,n_1928_10815_10965,n_1924_11015_11140,n_1531_11200_11320,n_1519_11370_11485,n_1588_12155_12305,n_1092_12370_12460,n_911_12565_12730,n_888_12795_12965,
73,0.0714285714285694,n_1437_7610_7765,n_664_7835_7930,n_475_7990_8080,n_452_8140_8300,n_430_8355_8490,n_402_8550_8630,n_259_9335_9415,n_1199_9485_9630,n_1891_9700_9835,n_1928_10815_10965,n_1924_11015_11140,n_1531_11200_11320,n_1519_11370_11485,n_1588_12155_12305,n_1092_12370_12460,n_1110_12570_12655,n_1873_12735_12920,
74,0.9285714285714284,n_726_7600_7780,n_1972_7860_8020,n_1985_8080_8180,n_1966_8230_8330,n_1973_8400_8565,n_411_9405_9490,n_420_9550_9690,n_377_10905_11125,n_253_11175_11280,n_1613_11335_11425,n_37_12170_12320,n_52_12390_12535,n_1760_12585_12725,n_1768_12790_12925,
74,0.035714285714286254,n_726_7600_7780,n_1972_7860_8020,n_1985_8080_8180,n_1966_8230_8330,n_1973_8400_8565,n_2359_9295_9420,n_859_9535_9670,n_973_9725_9850,n_1639_11125_11225,n_1632_11330_11425,n_1633_11485_11570,n_37_12170_12320,n_52_12390_12535,n_1760_12585_12725,n_1768_12790_12925,
74,0.035714285714285365,n_726_7600_7780,n_1972_7860_8020,n_1985_8080_8180,n_1966_8230_8330,n_1973_8400_8565,n_1619_9600_9685,n_1620_9900_10015,n_158_10590_10675,n_114_11025_11110,n_28_11170_11350,n_33_11425_11590,n_37_12170_12320,n_52_12390_12535,n_1760_12585_12725,n_1768_12790_12925,
75,0.46428571428571197,n_1408_7750_7860,n_1409_7920_8030,n_2064_8240_8365,n_2065_8425_8560,n_1879_9190_9320,n_1898_9395_9525,n_2137_9730_9860,n_2131_9910_10035,n_1587_10715_10865,n_1091_11020_11110,n_1603_11160_11245,n_209_11300_11415,n_1411_12045_12145,n_1424_12205_12300,n_1230_12360_12485,n_1262_12535_12655,
75,0.2500000000000018,n_1408_7750_7860,n_1409_7920_8030,n_2064_8240_8365,n_2065_8425_8560,n_1879_9190_9320,n_1898_9395_9525,n_2137_9730_9860,n_2131_9910_10035,n_1587_10715_10865,n_1091_11020_11110,n_1603_11165_11250,n_188_11300_11410,n_1411_12045_12145,n_1424_12205_12300,n_1230_12360_12485,n_1262_12535_12655,
75,0.1785714285714295,n_1408_7750_7860,n_1409_7920_8030,n_2064_8240_8365,n_2065_8425_8560,n_1879_9190_9320,n_1898_9395_9525,n_2137_9730_9860,n_2131_9910_10035,n_1587_10715_10865,n_1091_11010_11100,n_1057_11150_11295,n_1100_11345_11460,n_1411_12045_12145,n_1424_12205_12300,n_1230_12360_12485,n_1262_12535_12655,
75,0.10714285714285676,n_1408_7750_7860,n_1409_7920_8030,n_2064_8240_8365,n_2065_8425_8560,n_1879_9190_9320,n_1898_9395_9525,n_2137_9730_9860,n_2131_9910_10035,n_1587_10715_10865,n_1091_11020_11110,n_1603_11165_11250,n_209_11300_11415,n_1411_12045_12145,n_1424_12205_12300,n_1230_12360_12485,n_1262_12535_12655,
77,0.35714285714285987,n_676_7780_7890,n_690_7970_8090,n_651_8160_8265,n_652_8315_8415,n_495_8490_8660,n_520_9045_9235,n_1853_9595_9695,n_1254_10645_10725,n_1696_10900_10995,n_1701_11055_11165,n_581_11315_11480,n_1815_12055_12195,n_1818_12300_12445,n_778_12510_12675,n_802_12735_12905,
77,0.39285714285714235,n_676_7780_7890,n_690_7970_8090,n_651_8160_8265,n_652_8315_8415,n_495_8490_8660,n_520_9045_9235,n_136_9305_9465,n_1755_10575_10720,n_1096_10950_11100,n_1057_11150_11295,n_1100_11345_11460,n_1815_12055_12195,n_1818_12300_12445,n_778_12510_12675,n_802_12735_12905,
77,0.24999999999999778,n_676_7780_7890,n_690_7970_8090,n_651_8160_8265,n_652_8315_8415,n_495_8490_8660,n_520_9045_9235,n_1853_9600_9700,n_1254_10645_10725,n_1696_10900_10995,n_1701_11055_11165,n_581_11315_11480,n_1815_12055_12195,n_1818_12300_12445,n_778_12510_12675,n_802_12735_12905,
80,0.8214285714285705,n_1440_7760_7960,n_1442_8035_8265,n_1511_8360_8470,n_1507_8515_8625,n_1438_9200_9400,n_1443_10915_11145,n_82_11200_11295,n_143_11355_11450,n_1890_12020_12150,n_1170_12215_12355,n_272_12440_12550,n_1150_12610_12740,n_1101_12845_12960,
80,0.14285714285714368,n_1440_7760_7960,n_1442_8035_8265,n_1511_8360_8470,n_1507_8515_8625,n_1438_9200_9400,n_1443_10915_11145,n_227_11195_11275,n_235_11345_11435,n_393_12005_12140,n_340_12185_12250,n_366_12310_12380,n_372_12425_12555,n_228_12630_12710,n_236_12785_12875,
80,0.03571428571428581,n_1440_7760_7960,n_1442_8035_8265,n_1511_8360_8470,n_1507_8515_8625,n_1438_9200_9400,n_1443_10915_11145,n_227_11195_11275,n_235_11345_11435,n_1121_12010_12150,n_1140_12220_12360,n_1137_12415_12505,n_1105_12565_12670,
85,0.32142857142856984,n_293_7790_7875,n_307_7935_8020,n_1459_8100_8195,n_1455_8260_8345,n_1449_9460_9610,n_2344_10955_11100,n_1406_11150_11265,n_1413_11325_11425,n_1294_11930_12025,n_1611_12130_12225,n_1814_12330_12430,n_1820_12495_12595,n_1840_12725_12885,
85,0.1428571428571439,n_293_7790_7875,n_307_7935_8020,n_1459_8100_8195,n_1455_8260_8345,n_1449_9460_9610,n_2344_10960_11105,n_327_11155_11235,n_300_11295_11380,n_1596_11950_12035,n_1611_12130_12225,n_1814_12330_12430,n_1820_12495_12595,n_1840_12725_12885,
85,0.28571428571428514,n_293_7790_7875,n_307_7935_8020,n_1459_8100_8195,n_1455_8260_8345,n_593_9435_9615,n_2121_10485_10645,n_1436_11070_11220,n_1339_11280_11380,n_1596_11950_12035,n_1608_12085_12180,n_1492_12270_12435,n_1493_12495_12660,n_1840_12725_12885,
85,0.14285714285714168,n_293_7790_7875,n_307_7935_8020,n_1459_8100_8195,n_1455_8260_8345,n_1449_9460_9610,n_2344_10955_11100,n_327_11150_11230,n_300_11295_11380,n_1596_11950_12035,n_1611_12130_12225,n_1814_12330_12430,n_1820_12495_12595,n_1840_12725_12885,
85,0.1071428571428572,n_293_7790_7875,n_307_7935_8020,n_1459_8100_8195,n_1455_8260_8345,n_1449_9460_9610,n_2344_10965_11110,n_327_11160_11240,n_300_11295_11380,n_1596_11950_12035,n_1611_12130_12225,n_1814_12330_12430,n_1820_12495_12595,n_1840_12725_12885,
86,0.607142857142857,n_1491_7890_8055,n_1494_8115_8280,n_1743_9100_9225,n_1757_9290_9410,n_1645_9600_9770,n_131_10955_11120,n_314_11190_11265,n_333_11325_11405,n_865_12185_12285,n_829_12355_12485,n_902_12540_12660,n_917_12720_12815,
86,0.28571428571428714,n_1491_7890_8055,n_1494_8115_8280,n_1743_9100_9225,n_1757_9290_9410,n_1449_9460_9610,n_2344_10960_11105,n_1406_11155_11270,n_1413_11325_11425,n_865_12185_12285,n_829_12355_12485,n_902_12540_12660,n_917_12720_12815,
86,0.10714285714285587,n_1491_7890_8055,n_1494_8115_8280,n_1743_9100_9225,n_1757_9290_9410,n_1645_9600_9770,n_54_10935_11100,n_1057_11150_11295,n_1100_11345_11460,n_865_12185_12285,n_829_12355_12485,n_902_12540_12660,n_917_12720_12815,
91,0.7142857142857146,n_1086_7685_7785,n_1047_7845_7935,n_534_8015_8070,n_298_8130_8225,n_305_8285_8385,n_1561_8510_8655,n_1565_9025_9175,n_553_9240_9290,n_1650_9550_9700,n_1739_10605_10740,n_1806_10870_10985,n_1501_11045_11170,n_1355_11235_11490,n_1378_12000_12280,n_1498_12365_12490,n_1791_12550_12655,n_1795_12730_12810,
91,0.28571428571428537,n_1086_7685_7785,n_1047_7845_7935,n_534_8015_8070,n_298_8130_8225,n_305_8285_8385,n_1561_8510_8655,n_1565_9025_9175,n_553_9240_9290,n_174_9390_9495,n_1028_9655_9815,n_1577_9965_10090,n_1806_10870_10985,n_1501_11045_11170,n_1355_11235_11490,n_1378_12000_12280,n_1498_12365_12490,n_1791_12550_12655,n_1795_12730_12810,
92,0.8928571428571423,n_519_7605_7795,n_55_7875_8050,n_24_8115_8275,n_347_8315_8470,n_357_8515_8570,n_367_9165_9235,n_368_9290_9440,n_1368_9595_9765,n_1384_11265_11440,n_149_11940_12050,n_1177_12115_12275,n_1189_12335_12485,n_1289_12550_12650,
92,0.10714285714285765,n_519_7605_7795,n_55_7875_8050,n_24_8115_8275,n_347_8315_8470,n_357_8515_8570,n_367_9165_9235,n_368_9290_9440,n_655_9595_9680,n_673_9840_9985,n_1884_10495_10760,n_1133_10960_11100,n_1057_11150_11295,n_1100_11345_11460,n_149_11940_12050,n_1177_12115_12275,n_1189_12335_12485,n_1289_12550_12650,
93,0.5714285714285721,n_383_7725_7795,n_389_7850_8000,n_2224_8060_8155,n_2205_8200_8275,n_230_8340_8445,n_255_8505_8615,n_891_9260_9425,n_821_10785_10855,n_835_10960_11030,n_845_11090_11245,n_716_11340_11525,n_2122_11925_12085,n_2059_12245_12360,n_2063_12405_12520,n_362_12605_12725,n_369_12780_12925,
93,0.392857142857143,n_383_7725_7795,n_389_7850_8000,n_2224_8060_8155,n_2205_8200_8275,n_230_8340_8445,n_255_8505_8615,n_1558_9135_9235,n_1545_9285_9395,n_1016_10930_11105,n_1024_11155_11420,n_107_12080_12360,n_109_12430_12570,
93,0.03571428571428492,n_383_7725_7795,n_389_7850_8000,n_2224_8060_8155,n_2205_8200_8275,n_230_8340_8445,n_255_8505_8615,n_891_9260_9425,n_906_10945_11110,n_1229_11160_11285,n_1261_11335_11460,n_2118_11970_12120,n_2102_12165_12280,n_800_12385_12525,n_801_12580_12665,
94,1.0,n_867_7675_7840,n_819_7905_7975,n_856_8020_8090,n_857_8150_8305,n_16_9090_9265,n_1157_10955_11120,n_243_11170_11275,n_1284_11325_11435,n_439_11965_12050,n_494_12095_12255,n_456_12315_12480,n_462_12525_12610,n_332_12715_12900,
95,0.7857142857142823,n_1808_7740_7875,n_1816_7920_8065,n_251_8160_8265,n_1612_8335_8425,n_1503_9180_9360,n_1464_10935_11105,n_1045_11155_11245,n_1146_11305_11410,n_1313_12120_12405,n_197_12460_12715,n_208_12790_12920,
95,0.10714285714285854,n_1808_7740_7875,n_1816_7920_8065,n_251_8160_8265,n_1612_8335_8425,n_1503_9180_9360,n_1464_10935_11105,n_1045_11155_11245,n_1019_11330_11440,n_1313_12120_12405,n_197_12460_12715,n_208_12790_12920,
95,0.07142857142857162,n_1808_7740_7875,n_1816_7920_8065,n_251_8160_8265,n_1612_8335_8425,n_1503_9180_9360,n_1464_10945_11115,n_253_11170_11275,n_235_11345_11435,n_1313_12120_12405,n_197_12460_12715,n_208_12790_12920,
95,0.035714285714287586,n_1808_7740_7875,n_1816_7920_8065,n_251_8160_8265,n_1612_8335_8425,n_1503_9180_9360,n_1464_10935_11105,n_1469_11155_11355,n_1465_11715_11895,n_1298_12115_12225,n_1301_12315_12425,n_1370_12475_12645,n_1386_12705_12880,
98,0.2142857142857153,n_710_7705_7860,n_722_7905_8060,n_1134_8095_8185,n_1106_8245_8350,n_714_8460_8645,n_727_9040_9220,n_732_9510_9675,n_521_10930_11120,n_656_11175_11260,n_674_11340_11485,n_729_11920_12100,n_609_12225_12315,n_618_12375_12495,n_638_12545_12650,n_642_12710_12800,
98,0.24999999999999645,n_710_7705_7860,n_722_7905_8060,n_1134_8095_8185,n_1106_8245_8350,n_714_8460_8645,n_727_9040_9220,n_732_9510_9675,n_2121_10485_10645,n_1436_11070_11220,n_1339_11280_11380,n_2077_11430_11595,n_729_11920_12100,n_609_12225_12315,n_618_12375_12495,n_638_12545_12650,n_642_12710_12800,
98,0.28571428571428714,n_710_7705_7860,n_722_7905_8060,n_1134_8095_8185,n_1106_8245_8350,n_714_8460_8645,n_727_9040_9220,n_732_9510_9675,n_1566_10465_10615,n_545_11065_11115,n_327_11165_11245,n_300_11295_11380,n_2077_11430_11595,n_729_11920_12100,n_609_12225_12315,n_618_12375_12495,n_638_12545_12650,n_642_12710_12800,
98,0.1428571428571448,n_710_7705_7860,n_722_7905_8060,n_1134_8095_8185,n_1106_8245_8350,n_714_8460_8645,n_727_9040_9220,n_732_9510_9675,n_1884_10495_10760,n_1133_10960_11100,n_1136_11155_11245,n_1146_11305_11410,n_609_12225_12315,n_618_12375_12495,n_638_12545_12650,n_642_12710_12800,
98,0.07142857142857162,n_710_7705_7860,n_722_7905_8060,n_1134_8095_8185,n_1106_8245_8350,n_714_8460_8645,n_727_9040_9220,n_411_9405_9490,n_420_9550_9690,n_1943_10895_11055,n_1916_11130_11245,n_2141_11400_11545,n_729_11920_12100,n_609_12225_12315,n_618_12375_12495,n_638_12545_12650,n_642_12710_12800,
98,0.0357142857142847,n_710_7705_7860,n_722_7905_8060,n_1134_8095_8185,n_1106_8245_8350,n_714_8460_8645,n_727_9040_9220,n_732_9510_9675,n_1884_10495_10760,n_1133_10960_11100,n_1136_11150_11240,n_1146_11305_11410,n_609_12225_12315,n_618_12375_12495,n_638_12545_12650,n_642_12710_12800,
99,0.5,n_1619_9600_9685,n_1620_9900_10015,n_1889_10580_10710,n_2231_10780_10965,n_1864_11145_11345,n_1578_11405_11530,n_1584_11975_12130,n_1591_12235_12375,n_1730_12750_12895,
99,0.21428571428571153,n_2359_9295_9420,n_782_10760_10870,n_832_10920_11020,n_833_11090_11225,n_331_11275_11460,n_292_12060_12235,n_1066_12315_12520,n_1059_12580_12775,
99,0.14285714285714302,n_1619_9600_9685,n_1620_9900_10015,n_1889_10580_10710,n_1188_10895_11045,n_1029_11095_11255,n_988_11315_11455,n_118_12080_12195,n_176_12270_12375,n_272_12440_12550,n_1150_12610_12740,n_1101_12845_12960,
99,0.1071428571428561,n_1619_9600_9685,n_1620_9900_10015,n_1889_10580_10710,n_1188_10895_11045,n_1029_11095_11255,n_988_11315_11455,n_118_12080_12195,n_176_12270_12375,n_1820_12435_12535,
99,0.03571428571428936,n_2359_9295_9420,n_782_10760_10870,n_832_10920_11020,n_833_11090_11225,n_331_11275_11460,n_292_12060_12235,n_1197_12355_12560,n_1182_12620_12820,
100,0.7142857142857129,n_2070_7585_7760,n_1811_7950_8050,n_1819_8115_8215,n_2084_9070_9165,n_2088_9225_9320,n_2092_9375_9465,n_828_10915_11045,n_901_11100_11220,n_916_11280_11375,n_2118_11970_12120,n_2102_12165_12280,n_800_12385_12525,n_801_12580_12665,
100,0.1785714285714295,n_2070_7585_7760,n_1811_7950_8050,n_1819_8115_8215,n_2084_9070_9165,n_2088_9225_9320,n_2092_9375_9465,n_919_10675_10810,n_882_10870_11000,n_883_11060_11150,n_82_11200_11295,n_143_11355_11450,n_1216_12005_12090,n_1221_12135_12240,n_2159_12305_12440,n_2162_12490_12560,n_2280_12695_12805,n_2281_12865_12955,
100,0.10714285714285765,n_2070_7585_7760,n_1811_7950_8050,n_1819_8115_8215,n_2084_9070_9165,n_2088_9225_9320,n_2092_9375_9465,n_2089_10665_10760,n_2093_10815_10905,n_2097_11010_11100,n_594_11150_11330,n_622_11410_11565,n_1980_11995_12085,n_1955_12145_12245,n_1965_12295_12395,n_1971_12455_12550,n_615_12650_12785,n_625_12850_13005,
101,0.2857142857142825,n_391_7685_7820,n_338_7865_7930,n_365_7990_8060,n_371_8105_8235,n_1427_8305_8385,n_1398_8445_8530,n_87_9170_9305,n_1703_9680_9810,n_686_10675_10805,n_723_10960_11115,n_1136_11165_11255,n_1019_11330_11440,n_1121_12010_12150,n_1140_12220_12360,n_1137_12415_12505,n_1105_12565_12670,
101,0.42857142857143105,n_391_7685_7820,n_338_7865_7930,n_365_7990_8060,n_371_8105_8235,n_1427_8305_8385,n_1398_8445_8530,n_87_9170_9305,n_1703_9680_9810,n_1693_10545_10690,n_102_10975_11110,n_1136_11165_11255,n_1019_11330_11440,n_1121_12010_12150,n_1140_12220_12360,n_1137_12415_12505,n_1105_12565_12670,
101,0.25000000000000067,n_391_7685_7820,n_338_7865_7930,n_365_7990_8060,n_371_8105_8235,n_1427_8305_8385,n_1398_8445_8530,n_87_9170_9305,n_1703_9680_9810,n_454_11020_11180,n_432_11235_11370,n_404_11430_11510,n_1121_12010_12150,n_1140_12220_12360,n_1137_12415_12505,n_1105_12565_12670,
101,0.03571428571428581,n_391_7685_7820,n_338_7865_7930,n_365_7990_8060,n_371_8105_8235,n_1427_8305_8385,n_1398_8445_8530,n_87_9170_9305,n_1703_9680_9810,n_1523_10560_10670,n_1527_10720_10850,n_2037_10910_11035,n_2040_11110_11280,n_2340_11340_11490,n_2345_11910_12055,n_1298_12115_12225,n_1301_12315_12425,n_1370_12475_12645,n_1386_12705_12880,
102,0.7142857142857144,n_2226_7635_7835,n_2230_7900_8085,n_2171_8260_8380,n_1860_8465_8580,n_1863_9705_9905,n_1577_9965_10090,n_1523_10560_10670,n_1527_10720_10850,n_2037_10910_11035,n_2040_11110_11280,n_2340_11340_11490,n_2345_11910_12055,n_328_12120_12200,n_288_12260_12340,n_244_12420_12525,n_1285_12585_12695,n_2341_12780_12930,
102,0.28571428571428537,n_2226_7635_7835,n_2230_7900_8085,n_2171_8260_8380,n_1860_8465_8580,n_1863_9705_9905,n_2242_10705_10830,n_2249_11050_11225,n_2299_11290_11425,n_2271_11475_11570,n_296_12110_12195,n_288_12260_12340,n_244_12420_12525,n_1285_12585_12695,n_2341_12780_12930,
103,0.6071428571428572,n_13_7685_7845,n_2185_7970_8110,n_2157_8170_8240,n_2169_8315_8385,n_2160_8430_8555,n_871_9155_9325,n_906_10955_11120,n_348_11195_11350,n_358_11395_11450,n_384_12045_12115,n_390_12170_12320,n_2216_12380_12475,n_2200_12580_12660,
103,0.3928571428571428,n_13_7685_7845,n_2185_7970_8110,n_2157_8170_8240,n_2169_8315_8385,n_2160_8430_8555,n_871_9155_9325,n_2282_9815_9925,n_185_11020_11125,n_348_11195_11350,n_358_11395_11450,n_384_12045_12115,n_390_12170_12320,n_2216_12380_12475,n_2200_12580_12660,
104,0.3928571428571406,n_210_7715_7840,n_169_7905_8170,n_1324_8235_8510,n_1350_9180_9265,n_1432_9325_9430,n_27_9600_9780,n_54_10945_11110,n_28_11160_11340,n_33_11425_11590,n_2327_12065_12150,n_2334_12210_12485,n_2329_12555_12805,n_2330_12865_12950,
104,0.35714285714286165,n_210_7715_7840,n_169_7905_8170,n_1324_8235_8510,n_1350_9180_9265,n_1432_9325_9430,n_27_9600_9780,n_54_10955_11120,n_28_11170_11350,n_33_11425_11590,n_2327_12065_12150,n_2334_12210_12485,n_2329_12555_12805,n_2330_12865_12950,
104,0.1428571428571428,n_210_7715_7840,n_169_7905_8170,n_1324_8235_8510,n_1350_9180_9265,n_1432_9325_9430,n_27_9600_9780,n_54_10935_11100,n_1374_11150_11365,n_1387_11435_11655,n_2327_12065_12150,n_2334_12210_12485,n_2329_12555_12805,n_2330_12865_12950,
104,0.0714285714285694,n_210_7715_7840,n_169_7905_8170,n_1324_8235_8510,n_1350_9180_9265,n_1432_9325_9430,n_994_9600_9695,n_1876_11025_11100,n_1461_11150_11245,n_1513_11330_11425,n_393_12005_12140,n_340_12185_12250,n_366_12310_12380,n_372_12425_12555,n_228_12630_12710,n_236_12785_12875,
104,0.03571428571428559,n_210_7715_7840,n_169_7905_8170,n_1324_8235_8510,n_1350_9180_9265,n_1432_9325_9430,n_994_9600_9695,n_1876_11025_11100,n_1461_11150_11245,n_1513_11330_11425,n_2327_12065_12150,n_2334_12210_12485,n_2329_12555_12805,n_2330_12865_12950,
106,0.5357142857142836,n_2342_7590_7735,n_135_7865_8025,n_112_8100_8240,n_312_8310_8385,n_275_8445_8525,n_677_9220_9330,n_691_9410_9530,n_704_10865_10985,n_662_11045_11135,n_656_11185_11270,n_674_11340_11485,n_2082_11905_12080,n_1803_12150_12235,n_1807_12310_12425,n_1502_12485_12610,n_1356_12675_12930,
106,0.4642857142857164,n_2342_7590_7735,n_135_7865_8025,n_112_8100_8240,n_312_8310_8385,n_275_8445_8525,n_677_9220_9330,n_691_9410_9530,n_697_9595_9705,n_1436_11070_11220,n_1339_11280_11380,n_2077_11430_11595,n_2082_11905_12080,n_1803_12150_12235,n_1807_12310_12425,n_1502_12485_12610,n_1356_12675_12930,
107,0.3214285714285747,n_281_7670_7870,n_373_7915_8135,n_1404_8210_8325,n_1421_8385_8485,n_1410_9165_9265,n_1422_9325_9410,n_1040_9595_9725,n_1895_9865_10090,n_521_10925_11115,n_935_11165_11270,n_952_11345_11605,n_924_12140_12360,n_925_12435_12555,n_996_12605_12700,n_1010_12765_12875,
107,0.39285714285714235,n_281_7670_7870,n_373_7915_8135,n_1404_8210_8325,n_1421_8385_8485,n_1410_9165_9265,n_1422_9325_9410,n_1853_9600_9700,n_1254_10645_10725,n_99_10965_11115,n_935_11165_11270,n_952_11345_11605,n_924_12140_12360,n_925_12435_12555,n_996_12605_12700,n_1010_12765_12875,
107,0.2857142857142829,n_281_7670_7870,n_373_7915_8135,n_1404_8210_8325,n_1421_8385_8485,n_1410_9165_9265,n_1422_9325_9410,n_1040_9595_9725,n_1895_9865_10090,n_1566_10465_10615,n_545_11065_11115,n_935_11165_11270,n_952_11345_11605,n_924_12140_12360,n_925_12435_12555,n_996_12605_12700,n_1010_12765_12875,
109,0.5,n_325_7800_7880,n_285_7940_8020,n_241_8100_8205,n_1282_8265_8375,n_2338_8460_8610,n_2343_9030_9175,n_1163_9310_9435,s_1068_1083_9740_9940,n_263_10940_11100,n_265_11150_11415,n_1240_12080_12370,n_1213_12430_12570,n_2170_12635_12705,n_2161_12750_12875,
109,0.2500000000000022,n_325_7800_7880,n_285_7940_8020,n_241_8100_8205,n_1282_8265_8375,n_2338_8460_8610,n_2343_9030_9175,n_655_9595_9680,n_673_9840_9985,n_1566_10465_10615,n_545_11060_11110,n_1229_11160_11285,n_1261_11335_11460,n_2159_12305_12440,n_2162_12490_12560,n_2170_12635_12705,n_2161_12750_12875,
109,0.24999999999999778,n_325_7800_7880,n_285_7940_8020,n_241_8100_8205,n_1282_8265_8375,n_2338_8460_8610,n_2343_9030_9175,n_891_9260_9425,n_1225_10930_11075,n_1234_11160_11460,n_1240_12080_12370,n_1213_12430_12570,n_2170_12635_12705,n_2161_12750_12875,
110,0.5357142857142885,n_1349_7680_7960,n_1495_8045_8170,n_1790_8230_8335,n_1794_8410_8490,n_1801_9270_9355,n_1805_9430_9545,n_341_9955_10010,n_1016_10925_11100,n_1024_11150_11415,n_107_12080_12360,n_109_12430_12570,
110,0.28571428571428537,n_1349_7680_7960,n_1495_8045_8170,n_1790_8230_8335,n_1794_8410_8490,n_1801_9270_9355,n_1805_9430_9545,n_341_9955_10010,n_374_10605_10675,n_378_10970_11120,n_314_11190_11265,n_333_11325_11405,n_1294_11930_12025,n_1608_12085_12180,n_1492_12270_12435,n_1493_12495_12660,
110,0.10714285714285765,n_1349_7680_7960,n_1495_8045_8170,n_1790_8230_8335,n_1794_8410_8490,n_1801_9270_9355,n_1805_9430_9545,n_1788_9670_9775,n_686_10675_10805,n_723_10945_11100,n_1497_11150_11275,n_1796_11350_11455,n_1799_11530_11610,n_1601_11940_12025,n_1608_12085_12180,n_1492_12270_12435,n_1493_12495_12660,
110,0.07142857142856851,n_1349_7680_7960,n_1495_8045_8170,n_1790_8230_8335,n_1794_8410_8490,n_1801_9270_9355,n_1805_9430_9545,n_341_9955_10010,n_1016_10940_11115,n_1024_11165_11430,n_107_12080_12360,n_109_12430_12570,
113,0.4285714285714268,n_2083_7630_7725,n_2087_7785_7880,n_2091_7935_8025,n_2095_8085_8175,n_1644_8240_8410,n_1648_8470_8635,n_2277_9130_9225,n_2273_9285_9400,n_1236_9490_9635,n_1245_9720_10020,n_1239_10640_10930,n_1212_10990_11130,n_2163_11195_11265,n_2164_11310_11435,n_284_11990_12190,n_370_12295_12515,n_657_12575_12660,n_675_12720_12865,
113,0.357142857142857,n_2083_7630_7725,n_2087_7785_7880,n_2091_7935_8025,n_2095_8085_8175,n_1644_8240_8410,n_1648_8470_8635,n_2277_9130_9225,n_2273_9285_9400,n_1236_9490_9635,n_1245_9720_10020,n_1239_10640_10930,n_1212_10990_11130,n_2163_11195_11265,n_2164_11310_11435,n_1298_12115_12225,n_1301_12315_12425,n_1370_12475_12645,n_1386_12705_12880,
113,0.2142857142857162,n_2083_7630_7725,n_2087_7785_7880,n_2091_7935_8025,n_2095_8085_8175,n_1644_8240_8410,n_1648_8470_8635,n_2277_9130_9225,n_2273_9285_9400,n_1236_9490_9635,n_1245_9720_10020,n_1239_10640_10930,n_1212_10990_11130,n_2163_11195_11265,n_2164_11310_11435,n_1294_11930_12025,n_1608_12085_12180,n_1492_12270_12435,n_1493_12495_12660,
116,0.46428571428571397,n_1800_7830_7915,n_1804_7990_8105,n_1499_8165_8290,n_1354_8355_8610,n_1376_9120_9400,n_1496_9485_9610,n_1788_9670_9775,n_2249_11050_11225,n_2299_11290_11425,n_2271_11475_11570,n_296_12110_12195,n_309_12255_12340,n_1462_12420_12515,n_1456_12580_12665,
116,0.24999999999999956,n_1800_7830_7915,n_1804_7990_8105,n_1499_8165_8290,n_1354_8355_8610,n_1376_9120_9400,n_1496_9485_9610,n_1788_9670_9775,n_1523_10560_10670,n_1527_10720_10850,n_2037_10910_11035,n_2040_11110_11280,n_2340_11340_11490,n_2345_11910_12055,n_328_12120_12200,n_309_12255_12340,n_1462_12420_12515,n_1456_12580_12665,
116,0.1071428571428581,n_1800_7830_7915,n_1804_7990_8105,n_1499_8165_8290,n_1354_8355_8610,n_1376_9120_9400,n_1496_9485_9610,n_1788_9670_9775,n_1693_10545_10690,n_102_10975_11110,n_910_11160_11325,n_2283_11375_11485,n_2288_11545_11635,n_296_12110_12195,n_309_12255_12340,n_1462_12420_12515,n_1456_12580_12665,
116,0.07142857142857162,n_1800_7830_7915,n_1804_7990_8105,n_1499_8165_8290,n_1354_8355_8610,n_1376_9120_9400,n_1496_9485_9610,n_279_10740_10830,n_377_10895_11115,n_327_11165_11245,n_300_11295_11380,n_296_12110_12195,n_309_12255_12340,n_1462_12420_12515,n_1456_12580_12665,
116,0.07142857142857073,n_1800_7830_7915,n_1804_7990_8105,n_1499_8165_8290,n_1354_8355_8610,n_1376_9120_9400,n_1496_9485_9610,n_1788_9670_9775,n_686_10675_10805,n_723_10960_11115,n_1497_11165_11290,n_1796_11350_11455,n_1799_11530_11610,n_296_12110_12195,n_309_12255_12340,n_1462_12420_12515,n_1456_12580_12665,
116,0.03571428571428603,n_1800_7830_7915,n_1804_7990_8105,n_1499_8165_8290,n_1354_8355_8610,n_1376_9120_9400,n_1496_9485_9610,n_341_9955_10010,n_374_10605_10675,n_378_10970_11120,n_314_11190_11265,n_333_11325_11405,n_328_12120_12200,n_309_12255_12340,n_1462_12420_12515,n_1456_12580_12665,
117,0.5,n_1887_7700_7830,n_1167_7895_8035,n_224_8105_8190,n_908_8245_8410,n_887_8475_8645,n_392_9125_9260,n_339_9305_9370,n_387_9430_9500,n_897_10695_10970,n_2167_11045_11265,n_2179_11350_11470,n_1584_11975_12130,n_1591_12235_12375,n_2138_12610_12740,n_2132_12790_12915,
117,0.1785714285714295,n_1887_7700_7830,n_1167_7895_8035,n_224_8105_8190,n_908_8245_8410,n_887_8475_8645,n_392_9125_9260,n_339_9305_9370,n_387_9430_9500,n_353_10745_10810,n_360_10870_10940,n_361_10985_11115,n_1603_11165_11250,n_209_11300_11415,n_284_11990_12190,n_370_12295_12515,n_657_12575_12660,n_675_12720_12865,
117,0.24999999999999822,n_1887_7700_7830,n_1167_7895_8035,n_224_8105_8190,n_908_8245_8410,n_887_8475_8645,n_392_9125_9260,n_339_9305_9370,n_387_9430_9500,n_897_10695_10970,n_2167_11045_11265,n_2179_11350_11470,n_1618_12010_12185,n_1628_12250_12425,n_2138_12610_12740,n_2132_12790_12915,
117,0.03571428571428803,n_1887_7700_7830,n_1167_7895_8035,n_224_8105_8190,n_908_8245_8410,n_887_8475_8645,n_392_9125_9260,n_339_9305_9370,n_387_9430_9500,n_353_10745_10810,n_360_10870_10940,n_361_10985_11115,n_1497_11165_11290,n_1796_11350_11455,n_1799_11530_11610,n_2031_12100_12200,n_2013_12265_12395,n_2014_12445_12565,n_2017_12630_12735,
117,0.035714285714284255,n_1887_7700_7830,n_1167_7895_8035,n_224_8105_8190,n_908_8245_8410,n_887_8475_8645,n_392_9125_9260,n_339_9305_9370,n_387_9430_9500,n_353_10745_10810,n_360_10870_10940,n_361_10985_11115,n_1497_11165_11290,n_1796_11350_11455,n_1799_11530_11610,n_1596_11950_12035,n_1608_12085_12180,n_1492_12270_12435,n_1493_12495_12660,
118,0.7857142857142869,n_2360_7855_7980,n_1332_8050_8175,n_1336_8260_8580,n_1304_9180_9475,n_1314_9550_9715,n_2238_10505_10690,n_1876_11025_11100,n_1461_11150_11245,n_1513_11330_11425,n_393_12005_12140,n_340_12185_12250,n_366_12310_12380,n_372_12425_12555,n_228_12630_12710,n_236_12785_12875,
118,0.10714285714285698,n_2360_7855_7980,n_1332_8050_8175,n_1336_8260_8580,n_1304_9180_9475,n_1314_9550_9715,n_1096_10950_11100,n_1057_11150_11295,n_1100_11345_11460,n_1298_12115_12225,n_1301_12315_12425,n_1370_12475_12645,n_1386_12705_12880,
118,0.07142857142856984,n_2360_7855_7980,n_1332_8050_8175,n_1336_8260_8580,n_1304_9180_9475,n_1314_9550_9715,n_1322_10935_11105,n_1469_11155_11355,n_1465_11715_11895,n_1298_12115_12225,n_1301_12315_12425,n_1370_12475_12645,n_1386_12705_12880,
118,0.035714285714286254,n_2360_7855_7980,n_1332_8050_8175,n_1336_8260_8580,n_1304_9180_9475,n_1314_9550_9715,n_2228_10515_10715,n_1188_10895_11045,n_1029_11095_11255,n_988_11315_11455,n_118_12080_12195,n_176_12270_12375,n_272_12440_12550,n_1150_12610_12740,n_1101_12845_12960,
122,0.4285714285714257,n_1918_7760_7850,n_1920_7910_8080,n_463_8125_8345,n_479_8410_8480,n_1122_8545_8645,n_2359_9295_9420,n_859_9535_9670,n_973_9725_9850,n_2089_10665_10760,n_2093_10815_10905,n_2097_11010_11100,n_594_11150_11330,n_622_11410_11565,n_1931_12080_12170,n_1933_12230_12400,n_466_12505_12715,n_482_12790_12860,n_1124_12925_13025,
122,0.46428571428571663,n_1918_7760_7850,n_1920_7910_8080,n_463_8125_8345,n_479_8410_8480,n_1122_8545_8645,n_711_9145_9300,n_2093_10815_10905,n_2097_11010_11100,n_594_11150_11330,n_622_11410_11565,n_1931_12080_12170,n_1933_12230_12400,n_466_12505_12715,n_482_12790_12860,n_1124_12925_13025,
122,0.10714285714285765,n_1918_7760_7850,n_1920_7910_8080,n_463_8125_8345,n_479_8410_8480,n_1122_8545_8645,n_1619_9600_9685,n_1620_9900_10015,n_1214_10565_10650,n_1215_11015_11115,n_1651_11165_11315,n_1574_11365_11460,n_1931_12080_12170,n_1933_12230_12400,n_466_12505_12715,n_482_12790_12860,n_1124_12925_13025,
124,0.5714285714285683,n_813_7790_7885,n_768_7945_8105,n_784_8155_8300,n_795_8370_8465,n_765_9130_9260,n_781_9320_9430,n_854_9480_9580,n_782_10760_10870,n_832_10920_11020,n_833_11090_11225,n_331_11275_11460,n_292_12060_12235,n_2159_12305_12440,n_2162_12490_12560,n_2280_12695_12805,n_2281_12865_12955,
124,0.2500000000000009,n_813_7790_7885,n_768_7945_8105,n_784_8155_8300,n_795_8370_8465,n_765_9130_9260,n_781_9320_9430,n_854_9480_9580,n_2364_10990_11110,n_1272_11160_11245,n_209_11300_11415,n_2118_11970_12120,n_2102_12165_12280,n_800_12385_12525,n_801_12580_12665,
124,0.17857142857142994,n_813_7790_7885,n_768_7945_8105,n_784_8155_8300,n_795_8370_8465,n_765_9130_9260,n_781_9320_9430,n_854_9480_9580,n_782_10760_10870,n_832_10920_11020,n_833_11090_11225,n_331_11275_11460,n_292_12060_12235,n_1066_12315_12520,n_1059_12580_12775,
125,0.5714285714285721,n_2008_7595_7715,n_1996_7775_7945,n_2048_8025_8145,n_2052_8205_8345,n_2139_8520_8665,n_2120_9045_9205,n_2057_9365_9480,n_2061_9525_9640,n_375_9725_9845,n_279_10740_10830,n_1943_10895_11055,n_1916_11130_11245,n_2141_11400_11545,n_522_11925_12115,n_1165_12190_12315,n_1181_12420_12540,n_807_12590_12740,n_758_12800_12935,
125,0.3571428571428563,n_2008_7595_7715,n_1996_7775_7945,n_2048_8025_8145,n_2052_8205_8345,n_2139_8520_8665,n_2120_9045_9205,n_2057_9365_9480,n_2061_9525_9640,n_375_9725_9845,n_279_10740_10830,n_1943_10895_11055,n_1916_11130_11245,n_2141_11400_11545,n_2122_11925_12085,n_2059_12245_12360,n_2063_12405_12520,n_362_12605_12725,n_369_12780_12925,
125,0.07142857142857162,n_2008_7595_7715,n_1996_7775_7945,n_2048_8025_8145,n_2052_8205_8345,n_2139_8520_8665,n_2120_9045_9205,n_2057_9365_9480,n_2061_9525_9640,n_375_9725_9845,n_398_11005_11120,n_1994_11185_11370,n_2002_11435_11570,n_2011_11915_12035,n_1999_12095_12265,n_426_12320_12475,n_429_12535_12620,
127,0.5,n_1753_7695_7840,n_1093_7905_8055,n_1055_8105_8250,n_1067_8300_8425,n_1082_8470_8625,n_2207_9270_9390,n_2202_9450_9635,n_2210_9690_9865,n_2212_9925_10060,s_628_640_10525_10755,n_603_11020_11130,n_620_11180_11355,n_1746_11405_11565,n_1216_12005_12090,n_1221_12135_12240,n_1066_12315_12520,n_1059_12580_12775,
127,0.39285714285714235,n_1753_7695_7840,n_1093_7905_8055,n_1055_8105_8250,n_1067_8300_8425,n_1082_8470_8625,n_2207_9270_9390,n_2202_9450_9635,n_2210_9690_9865,n_2212_9925_10060,n_1683_10550_10670,n_1685_10745_10835,n_1696_10900_10995,n_1701_11055_11165,n_581_11315_11480,n_284_11990_12190,n_370_12295_12515,n_657_12575_12660,n_675_12720_12865,
127,0.10714285714285765,n_1753_7695_7840,n_1093_7905_8055,n_1055_8105_8250,n_1067_8300_8425,n_1082_8470_8625,n_2207_9270_9390,n_2202_9450_9635,n_2210_9690_9865,n_2212_9925_10060,n_1683_10550_10670,n_1685_10745_10835,n_99_10965_11115,n_221_11165_11345,n_1746_11405_11565,n_1216_12005_12090,n_1221_12135_12240,n_1066_12315_12520,n_1059_12580_12775,
130,0.5,n_132_7595_7760,n_1162_7870_7995,n_1178_8040_8160,n_1852_8330_8430,n_1856_8480_8575,n_814_9230_9325,n_769_9385_9545,n_803_9595_9740,n_1728_9870_10015,n_1755_10575_10720,n_263_10940_11100,n_265_11150_11415,n_1358_12055_12315,n_1362_12375_12555,n_1552_12645_12755,n_1554_12800_12895,
130,0.28571428571428537,n_132_7595_7760,n_1162_7870_7995,n_1178_8040_8160,n_1852_8330_8430,n_1856_8480_8575,n_814_9230_9325,n_769_9385_9545,n_803_9595_9740,n_2246_10505_10640,n_2231_10780_10965,n_1864_11145_11345,n_1578_11405_11530,n_1618_12010_12185,n_1628_12250_12425,n_1730_12750_12895,
130,0.21428571428571463,n_132_7595_7760,n_1162_7870_7995,n_1178_8040_8160,n_1852_8330_8430,n_1856_8480_8575,n_814_9230_9325,n_769_9385_9545,n_803_9595_9740,n_1728_9870_10015,n_1889_10580_10710,n_2231_10780_10965,n_1864_11145_11345,n_1578_11405_11530,n_1618_12010_12185,n_1628_12250_12425,n_1730_12750_12895,
135,0.5,n_837_7705_8020,n_1372_8090_8305,n_1388_8375_8595,n_868_9115_9280,n_820_9345_9415,n_834_9520_9590,n_1225_10930_11075,n_1234_11160_11460,n_1358_12055_12315,n_1362_12375_12555,n_1552_12645_12755,n_1554_12800_12895,
135,0.2500000000000022,n_837_7705_8020,n_1372_8090_8305,n_1388_8375_8595,n_868_9115_9280,n_820_9345_9415,n_834_9520_9590,n_1225_10930_11075,n_1234_11160_11460,n_1240_12080_12370,n_1213_12430_12570,n_2280_12695_12805,n_2281_12865_12955,
135,0.14285714285714013,n_837_7705_8020,n_1372_8090_8305,n_1388_8375_8595,n_868_9115_9280,n_820_9345_9415,n_834_9520_9590,n_821_10785_10855,n_835_10960_11030,n_845_11090_11245,n_716_11340_11525,n_522_11925_12115,n_1165_12190_12315,n_1181_12420_12540,n_807_12590_12740,n_758_12800_12935,
135,0.0714285714285694,n_837_7705_8020,n_1372_8090_8305,n_1388_8375_8595,n_868_9115_9280,n_820_9345_9415,n_834_9520_9590,n_821_10785_10855,n_835_10960_11030,n_845_11090_11245,n_1132_12015_12105,n_1144_12150_12230,n_1104_12280_12355,n_1113_12400_12490,n_911_12565_12730,n_888_12795_12965,
135,0.035714285714287586,n_837_7705_8020,n_1372_8090_8305,n_1388_8375_8595,n_868_9115_9280,n_820_9345_9415,n_834_9520_9590,n_821_10785_10855,n_835_10960_11030,n_845_11090_11245,n_1313_12120_12405,n_197_12460_12715,n_208_12790_12920,
137,0.7857142857142869,n_1680_7670_7790,n_1684_7865_7955,n_1695_8020_8115,n_1700_8175_8285,n_1744_8345_8505,n_1754_9135_9280,n_2228_10515_10715,n_1169_10775_10915,n_1280_11030_11115,n_910_11170_11335,n_1861_11405_11520,n_2209_12150_12270,n_2204_12330_12515,n_2221_12570_12745,n_2223_12805_12940,
137,0.10714285714286031,n_1680_7670_7790,n_1684_7865_7955,n_1695_8020_8115,n_1700_8175_8285,n_1744_8345_8505,n_1754_9135_9280,n_1683_10550_10670,n_1685_10745_10835,n_99_10965_11115,n_777_11170_11335,n_1861_11405_11520,n_2209_12150_12270,n_2204_12330_12515,n_2221_12570_12745,n_2223_12805_12940,
137,0.10714285714285277,n_1680_7670_7790,n_1684_7865_7955,n_1695_8020_8115,n_1700_8175_8285,n_1744_8345_8505,n_1754_9135_9280,n_2238_10505_10690,n_1019_11010_11120,n_910_11170_11335,n_1861_11405_11520,n_2209_12150_12270,n_2204_12330_12515,n_2221_12570_12745,n_2223_12805_12940,
140,0.24999999999999756,n_1521_7680_7790,n_1525_7840_7970,n_2036_8030_8155,n_2039_8230_8400,n_76_8465_8615,n_1223_9125_9210,n_1232_9255_9360,n_2262_9420_9520,n_2264_9575_9680,n_906_10950_11115,n_327_11165_11245,n_300_11295_11380,n_2086_11950_12045,n_2090_12105_12200,n_724_12285_12440,n_29_12505_12685,n_41_12745_12910,
140,0.2857142857142829,n_1521_7680_7790,n_1525_7840_7970,n_2036_8030_8155,n_2039_8230_8400,n_76_8465_8615,n_1223_9125_9210,n_1232_9255_9360,n_2262_9420_9520,n_2264_9575_9680,n_2282_9815_9925,n_185_11020_11125,n_221_11175_11355,n_1746_11405_11565,n_1740_12045_12180,n_1664_12375_12475,n_1656_12530_12640,n_1668_12700_12810,n_1675_12860_12955,
140,0.17857142857143016,n_1521_7680_7790,n_1525_7840_7970,n_2036_8030_8155,n_2039_8230_8400,n_76_8465_8615,n_1223_9125_9210,n_1232_9255_9360,n_2262_9420_9520,n_2264_9575_9680,n_821_10785_10855,n_835_10960_11030,n_845_11090_11245,n_716_11340_11525,n_522_11925_12115,n_1165_12190_12315,n_1181_12420_12540,n_807_12590_12740,n_758_12800_12935,
140,0.10714285714285765,n_1521_7680_7790,n_1525_7840_7970,n_2036_8030_8155,n_2039_8230_8400,n_76_8465_8615,n_1223_9125_9210,n_1232_9255_9360,n_2262_9420_9520,n_2264_9575_9680,n_2282_9815_9925,n_185_11005_11110,n_1229_11160_11285,n_1261_11335_11460,n_1165_12190_12315,n_1181_12420_12540,n_807_12590_12740,n_758_12800_12935,
140,0.10714285714286009,n_1521_7680_7790,n_1525_7840_7970,n_2036_8030_8155,n_2039_8230_8400,n_76_8465_8615,n_1223_9125_9210,n_1232_9255_9360,n_2262_9420_9520,n_2264_9575_9680,n_906_10950_11115,n_221_11165_11345,n_1746_11405_11565,n_1740_12045_12180,n_1664_12375_12475,n_1656_12530_12640,n_1668_12700_12810,n_1675_12860_12955,
140,0.07142857142857162,n_1521_7680_7790,n_1525_7840_7970,n_2036_8030_8155,n_2039_8230_8400,n_76_8465_8615,n_1223_9125_9210,n_1232_9255_9360,n_2262_9420_9520,n_2264_9575_9680,n_2282_9815_9925,n_185_11020_11125,n_314_11190_11265,n_333_11325_11405,n_1294_11930_12025,n_1608_12085_12180,n_1492_12270_12435,n_1493_12495_12660,
141,1.0,n_759_7670_7755,n_770_7815_7960,n_2104_8005_8115,n_2109_8165_8315,n_154_8430_8610,n_130_9035_9200,n_335_9370_9520,n_397_9565_9680,n_1993_9745_9930,n_2001_9995_10130,n_2010_10475_10595,n_1998_10655_10825,n_449_10875_11040,n_451_11085_11170,n_232_11220_11325,n_248_11385_11495,n_816_12110_12205,n_774_12265_12425,n_786_12475_12620,n_797_12690_12785,
142,0.9285714285714284,n_2026_7680_7805,n_2032_7865_8020,n_2021_8065_8255,n_2022_8315_8430,n_779_9110_9195,n_787_9255_9400,n_2105_9505_9615,n_398_11005_11120,n_1994_11185_11370,n_2002_11435_11570,n_2011_11915_12035,n_1999_12095_12265,n_426_12320_12475,n_429_12535_12620,
142,0.07142857142857162,n_2026_7680_7805,n_2032_7865_8020,n_2021_8065_8255,n_2022_8315_8430,n_779_9110_9195,n_787_9255_9400,n_2105_9505_9615,n_341_9955_10010,n_374_10605_10675,n_378_10970_11120,n_656_11170_11255,n_674_11340_11485,n_2122_11925_12085,n_2059_12245_12360,n_2063_12405_12520,n_362_12605_12725,n_369_12780_12925,

